cps,kbps,num_active,num_icmp,num_tcp,num_udp,pps
0,961041,15280,0,30,15250,82428
0,961041,15280,0,30,15250,82428
0,961121,14567,0,30,14537,82410
0,961022,14632,0,92,14540,82492
178,961139,14371,0,95,14276,82460
178,961139,13767,0,83,13684,82460
0,961234,13767,0,83,13684,82476
0,961093,13069,0,83,12986,82418
0,961093,12751,0,83,12668,82418
0,961137,12751,0,83,12668,82434
0,960976,11826,0,83,11743,82372
0,960972,11826,0,83,11743,82384
0,960972,11826,0,83,11743,82384
0,961171,10959,0,83,10876,82408
0,961155,10959,0,83,10876,82430
0,961155,10959,0,83,10876,82430
0,960946,10042,0,83,9959,82396
0,961238,10084,0,124,9960,82422
130,961015,9855,0,111,9744,82396
130,961015,9381,0,64,9317,82396
0,961206,9381,0,64,9317,82430
0,960984,8877,0,64,8813,82378
0,960984,8677,0,64,8613,82378
0,961057,8677,0,64,8613,82396
0,961080,8199,0,64,8135,82394
0,961114,8025,0,64,7961,82434
0,961114,8025,0,64,7961,82434
0,961138,7359,0,64,7295,82410
0,961175,7359,0,64,7295,82430
0,961175,7359,0,64,7295,82430
0,961026,6679,0,64,6615,82412
0,960745,6716,0,101,6615,82386
140,961277,6493,0,112,6381,82408
140,961277,5926,0,69,5857,82408
0,961222,5926,0,69,5857,82396
0,961171,5441,0,69,5372,82406
0,961171,5270,0,69,5201,82406
0,960926,5270,0,69,5201,82374
0,961219,4656,0,69,4587,82392
0,960800,4656,0,69,4587,82376
0,960800,4656,0,69,4587,82376
0,961199,3940,0,69,3871,82434
0,961227,3940,0,69,3871,82444
0,961227,3940,0,69,3871,82444
0,960847,3249,0,69,3180,82414
0,961332,3293,0,113,3180,82416
126,961004,3159,0,104,3055,82414
126,961004,2772,0,63,2709,82414
0,961212,2772,0,63,2709,82456
0,960846,2337,0,63,2274,82412
0,960846,2176,0,63,2113,82412
0,961236,2176,0,63,2113,82384
0,961210,1533,0,63,1470,82418
0,960947,1533,0,63,1470,82412
0,960947,1533,0,63,1470,82412
0,961111,902,0,63,839,82416
0,961029,902,0,63,839,82410
0,961027,701,0,63,638,82398
0,961027,251,0,63,188,82398
0,961053,298,0,110,188,82388
100,961273,132,0,67,65,82428
100,961273,62,0,50,12,82428
0,960992,62,0,50,12,82420
0,960955,62,0,50,12,82438
0,961261,62,0,50,12,82432
0,961261,62,0,50,12,82432
0,960957,62,0,50,12,82388
0,961353,62,0,50,12,82426
0,960913,62,0,50,12,82356
0,960913,62,0,50,12,82356
0,961133,62,0,50,12,82410
0,961062,62,0,50,12,82390
0,961062,62,0,50,12,82390
0,960995,131,0,119,12,82378
138,961220,80,0,69,11,82436
0,961061,80,0,69,11,82426
0,961061,80,0,69,11,82426
0,961117,80,0,69,11,82438
0,960880,80,0,69,11,82384
0,960880,80,0,69,11,82384
0,961230,80,0,69,11,82432
0,960968,80,0,69,11,82322
0,961050,80,0,69,11,82438
0,961050,80,0,69,11,82438
0,961305,80,0,69,11,82444
0,961081,80,0,69,11,82426
0,961076,80,0,69,11,82438
0,961076,168,0,153,15,82438
176,960915,92,0,84,8,82372
0,961273,92,0,84,8,82412
0,960772,92,0,84,8,82388
0,960772,92,0,84,8,82388
0,961491,92,0,84,8,82442
0,961023,92,0,84,8,82352
0,961023,92,0,84,8,82352
0,961074,92,0,84,8,82424
0,960798,92,0,84,8,82432
0,961405,92,0,84,8,82428
0,961405,92,0,84,8,82428
0,961115,92,0,84,8,82424
0,961075,100,0,92,8,82356
128,961094,127,0,115,12,82414
128,961094,71,0,60,11,82414
0,960897,71,0,60,11,82382
0,961180,71,0,60,11,82400
0,961180,71,0,60,11,82400
0,961152,71,0,60,11,82466
0,961045,71,0,60,11,82426
0,961146,71,0,60,11,82414
0,961146,71,0,60,11,82414
0,960819,71,0,60,11,82394
0,961110,71,0,60,11,82410
0,961110,71,0,60,11,82410
0,961004,71,0,60,11,82416
0,961292,143,0,132,11,82472
174,960967,136,0,126,10,82418
174,960967,95,0,87,8,82418
0,961386,95,0,87,8,82436
0,960945,95,0,87,8,82390
0,960945,95,0,87,8,82390
0,961151,95,0,87,8,82424
0,960836,95,0,87,8,82386
0,960836,95,0,87,8,82386
0,961172,95,0,87,8,82414
0,961239,95,0,87,8,82448
0,960984,95,0,87,8,82356
0,960984,95,0,87,8,82356
0,961058,95,0,87,8,82402
0,961054,132,0,122,10,82394
0,961054,136,0,126,10,82394
82,961367,49,0,39,10,82410
0,960740,49,0,39,10,82384
0,961085,49,0,39,10,82390
0,961085,49,0,39,10,82390
0,961188,49,0,39,10,82400
0,961151,49,0,39,10,82436
0,961151,49,0,39,10,82436
0,961103,49,0,39,10,82388
0,961011,49,0,39,10,82412
0,961228,49,0,39,10,82452
0,961228,49,0,39,10,82452
0,960846,49,0,39,10,82438
0,961110,97,0,85,12,82420
0,961110,121,0,109,12,82420
144,961251,82,0,70,12,82440
0,960981,82,0,70,12,82426
0,961112,82,0,70,12,82386
0,961112,82,0,70,12,82386
0,961061,82,0,70,12,82406
0,961279,82,0,70,12,82412
0,961279,82,0,70,12,82412
0,960810,82,0,70,12,82366
0,961191,82,0,70,12,82444
0,960974,82,0,70,12,82392
0,960974,82,0,70,12,82392
0,961154,82,0,70,12,82466
142,961363,124,0,111,13,82442
0,960911,83,0,70,13,82418
0,960846,83,0,70,13,82372
0,961293,83,0,70,13,82426
0,961293,83,0,70,13,82426
0,961096,83,0,70,13,82382
0,961050,83,0,70,13,82414
0,960984,83,0,70,13,82378
0,960984,83,0,70,13,82378
0,961185,83,0,70,13,82402
0,961086,83,0,70,13,82424
0,961146,97,0,82,15,82478
28,960966,69,0,56,13,82408
28,960966,23,0,12,11,82408
0,961237,23,0,12,11,82420
0,961093,23,0,12,11,82406
0,961093,23,0,12,11,82406
0,961103,23,0,12,11,82416
0,961146,23,0,12,11,82442
0,960952,23,0,12,11,82422
0,960952,23,0,12,11,82422
0,960927,23,0,12,11,82430
0,961308,23,0,12,11,82436
0,960982,23,0,12,11,82374
0,960982,23,0,12,11,82374
0,961139,61,0,48,13,82404
76,961170,50,0,39,11,82406
76,961170,45,0,36,9,82406
0,960994,45,0,36,9,82390
0,960979,45,0,36,9,82408
0,961185,45,0,36,9,82430
0,961185,45,0,36,9,82430
0,961227,45,0,36,9,82432
0,960805,45,0,36,9,82412
0,960805,45,0,36,9,82412
0,961287,45,0,36,9,82410
0,960986,45,0,36,9,82428
0,961099,45,0,36,9,82382
0,961099,45,0,36,9,82382
0,961051,76,0,67,9,82404
62,960969,55,0,46,9,82420
62,960969,40,0,31,9,82420
0,961098,40,0,31,9,82418
0,961236,40,0,31,9,82398
0,961088,40,0,31,9,82398
0,961088,40,0,31,9,82398
0,961025,40,0,31,9,82428
0,960899,40,0,31,9,82396
0,960899,40,0,31,9,82396
0,961214,40,0,31,9,82388
0,961175,40,0,31,9,82392
0,961175,40,0,31,9,82392
0,961102,40,0,31,9,82402
0,961089,98,0,89,9,82464
116,960866,80,0,73,7,82398
116,960866,65,0,58,7,82398
0,961373,65,0,58,7,82478
0,961014,65,0,58,7,82388
0,961131,65,0,58,7,82424
0,961131,65,0,58,7,82424
0,960907,65,0,58,7,82392
0,961161,65,0,58,7,82448
0,961161,65,0,58,7,82448
0,961284,65,0,58,7,82416
0,961087,65,0,58,7,82426
0,960773,65,0,58,7,82422
0,960773,65,0,58,7,82422
0,961100,130,0,120,10,82402
130,961096,70,0,62,8,82428
0,961236,70,0,62,8,82422
0,961236,70,0,62,8,82422
0,961030,70,0,62,8,82386
0,961144,70,0,62,8,82406
0,961230,70,0,62,8,82408
0,961230,70,0,62,8,82408
0,961013,70,0,62,8,82424
0,961103,70,0,62,8,82444
0,961103,70,0,62,8,82444
0,961014,70,0,62,8,82360
0,960920,70,0,62,8,82370
0,960920,70,0,62,8,82370
0,961098,162,0,153,9,82418
184,960998,99,0,91,8,82412
0,961259,99,0,91,8,82384
0,961259,99,0,91,8,82384
0,961191,99,0,91,8,82418
0,960849,99,0,91,8,82378
0,960849,99,0,91,8,82378
0,961350,99,0,91,8,82422
0,961055,99,0,91,8,82424
0,961059,99,0,91,8,82442
0,961059,99,0,91,8,82442
0,960813,99,0,91,8,82388
0,961266,99,0,91,8,82392
0,961266,99,0,91,8,82392
0,961181,195,0,185,10,82458
192,961031,102,0,94,8,82382
0,960892,102,0,94,8,82382
0,960892,102,0,94,8,82382
0,961372,102,0,94,8,82418
0,961180,102,0,94,8,82454
0,961010,102,0,94,8,82390
0,961010,102,0,94,8,82390
0,961003,102,0,94,8,82382
0,961123,102,0,94,8,82452
0,961123,102,0,94,8,82452
0,961037,102,0,94,8,82412
0,960823,102,0,94,8,82426
0,961414,102,0,94,8,82402
0,961414,185,0,173,12,82402
166,960970,89,0,79,10,82410
0,961221,89,0,79,10,82430
0,961221,89,0,79,10,82430
0,960977,89,0,79,10,82370
0,961082,89,0,79,10,82392
0,961248,89,0,79,10,82432
0,961248,89,0,79,10,82432
0,960891,89,0,79,10,82404
0,961170,89,0,79,10,82428
0,961170,89,0,79,10,82428
0,961243,89,0,79,10,82420
0,960861,89,0,79,10,82398
0,961263,89,0,79,10,82400
0,961263,148,0,138,10,82400
118,960906,69,0,59,10,82398
0,961049,69,0,59,10,82430
0,961049,69,0,59,10,82430
0,961300,69,0,59,10,82422
0,960857,69,0,59,10,82414
0,961086,69,0,59,10,82422
0,961086,69,0,59,10,82422
0,961325,69,0,59,10,82468
0,960747,69,0,59,10,82406
0,960747,69,0,59,10,82406
0,961343,69,0,59,10,82450
0,961046,69,0,59,10,82404
0,961115,69,0,59,10,82440
0,961115,129,0,111,18,82440
120,961098,70,0,52,18,82436
0,961098,70,0,52,18,82414
0,961098,70,0,52,18,82414
0,961101,70,0,52,18,82406
0,960840,70,0,52,18,82404
0,961260,70,0,52,18,82364
0,961260,70,0,52,18,82364
0,960856,70,0,52,18,82352
0,961254,70,0,52,18,82412
0,961110,70,0,52,18,82450
0,961110,70,0,52,18,82450
0,961132,70,0,52,18,82406
0,961044,70,0,52,18,82444
0,961044,101,0,83,18,82444
0,960830,46,0,31,15,82360
0,960830,46,0,31,15,82360
0,961189,46,0,31,15,82418
0,961164,46,0,31,15,82426
0,961164,46,0,31,15,82426
0,960987,46,0,31,15,82432
0,961215,46,0,31,15,82462
0,961017,46,0,31,15,82428
0,961017,46,0,31,15,82428
0,961149,46,0,31,15,82404
0,961352,46,0,31,15,82408
0,961352,46,0,31,15,82408
0,960841,86,0,70,16,82412
0,961076,54,0,39,15,82426
0,960982,54,0,39,15,82392
0,961097,54,0,39,15,82442
0,961201,54,0,39,15,82460
0,961201,54,0,39,15,82460
0,960960,54,0,39,15,82416
0,961158,54,0,39,15,82468
0,960976,54,0,39,15,82404
0,961154,54,0,39,15,82392
0,961006,54,0,39,15,82408
0,961006,206,0,184,22,82408
304,961140,165,0,145,20,82402
0,960880,165,0,145,20,82386
0,960880,165,0,145,20,82386
0,961307,165,0,145,20,82418
0,960855,165,0,145,20,82358
0,960855,165,0,145,20,82358
0,961405,165,0,145,20,82442
0,961054,165,0,145,20,82370
0,961045,165,0,145,20,82384
0,961045,165,0,145,20,82384
0,960781,165,0,145,20,82368
0,961137,165,0,145,20,82456
0,961137,165,0,145,20,82456
0,961259,212,0,192,20,82434
94,961020,63,0,47,16,82424
0,961212,63,0,47,16,82446
0,961212,63,0,47,16,82446
0,961014,63,0,47,16,82400
0,961169,63,0,47,16,82414
0,961169,63,0,47,16,82414
0,960945,63,0,47,16,82394
0,961006,63,0,47,16,82384
0,961360,63,0,47,16,82410
0,961360,63,0,47,16,82410
0,960857,63,0,47,16,82430
0,961078,63,0,47,16,82412
0,961078,63,0,47,16,82412
0,961199,120,0,104,16,82418
114,960928,73,0,57,16,82408
0,961343,73,0,57,16,82446
0,961343,73,0,57,16,82446
0,960868,73,0,57,16,82366
0,961141,73,0,57,16,82426
0,961141,73,0,57,16,82426
0,961402,73,0,57,16,82452
0,960637,73,0,57,16,82352
0,961168,73,0,57,16,82446
0,961168,73,0,57,16,82446
0,961115,73,0,57,16,82416
0,961118,73,0,57,16,82416
0,961118,73,0,57,16,82416
0,960987,116,0,99,17,82402
86,961218,51,0,42,9,82406
0,961167,51,0,42,9,82402
0,961167,51,0,42,9,82402
0,961022,51,0,42,9,82412
0,961159,51,0,42,9,82452
0,960972,51,0,42,9,82450
0,960972,51,0,42,9,82450
0,961216,51,0,42,9,82454
0,961043,51,0,42,9,82478
0,961043,51,0,42,9,82478
0,960785,51,0,42,9,82402
0,961386,51,0,42,9,82426
0,960774,51,0,42,9,82416
0,960774,101,0,92,9,82416
100,961249,59,0,50,9,82440
0,960961,59,0,50,9,82408
0,960961,59,0,50,9,82408
0,961293,59,0,50,9,82462
0,960903,59,0,50,9,82396
0,961231,59,0,50,9,82408
0,961231,59,0,50,9,82408
0,960958,59,0,50,9,82404
0,961023,59,0,50,9,82454
0,961424,59,0,50,9,82448
0,961424,59,0,50,9,82448
0,960792,59,0,50,9,82446
0,961319,59,0,50,9,82434
0,961319,121,0,110,11,82434
124,960882,70,0,60,10,82422
0,961063,70,0,60,10,82402
0,961178,70,0,60,10,82470
0,961178,70,0,60,10,82470
0,961182,70,0,60,10,82478
0,961031,70,0,60,10,82444
0,961031,70,0,60,10,82444
0,960960,70,0,60,10,82422
0,961105,70,0,60,10,82386
0,961105,70,0,60,10,82386
0,961079,70,0,60,10,82438
0,961164,70,0,60,10,82416
0,961034,74,0,64,10,82420
0,961034,127,0,115,12,82420
114,961021,60,0,55,5,82400
0,961080,60,0,55,5,82462
0,961436,60,0,55,5,82466
0,961436,60,0,55,5,82466
0,960717,60,0,55,5,82412
0,961247,60,0,55,5,82424
0,961247,60,0,55,5,82424
0,961125,60,0,55,5,82424
0,960923,60,0,55,5,82406
0,960950,60,0,55,5,82428
0,960950,60,0,55,5,82428
0,961233,60,0,55,5,82486
0,960920,78,0,69,9,82420
106,961403,95,0,86,9,82464
106,961403,58,0,49,9,82464
0,961078,58,0,49,9,82422
0,960973,58,0,49,9,82362
0,960973,58,0,49,9,82362
0,961234,58,0,49,9,82424
0,960868,58,0,49,9,82470
0,961129,58,0,49,9,82428
0,961129,58,0,49,9,82428
0,960981,58,0,49,9,82438
0,961447,58,0,49,9,82460
0,961447,58,0,49,9,82460
0,960891,58,0,49,9,82404
0,960884,74,0,65,9,82418
78,961268,63,0,49,14,82426
78,961268,48,0,34,14,82426
0,960834,48,0,34,14,82404
0,961256,48,0,34,14,82434
0,960932,48,0,34,14,82418
0,960932,48,0,34,14,82418
0,961189,48,0,34,14,82408
0,961175,48,0,34,14,82428
0,961175,48,0,34,14,82428
0,961128,48,0,34,14,82414
0,961193,48,0,34,14,82376
0,960850,48,0,34,14,82378
0,960850,48,0,34,14,82378
0,961060,93,0,79,14,82398
90,961345,67,0,54,13,82464
0,960871,58,0,45,13,82370
0,960871,58,0,45,13,82370
0,961202,58,0,45,13,82410
0,961168,58,0,45,13,82432
0,961168,58,0,45,13,82432
0,961090,58,0,45,13,82442
0,960867,58,0,45,13,82408
0,960867,58,0,45,13,82408
0,961089,58,0,45,13,82424
0,961138,58,0,45,13,82424
0,961191,58,0,45,13,82456
0,961191,58,0,45,13,82456
0,961100,97,0,83,14,82428
78,960853,69,0,55,14,82416
0,961489,52,0,38,14,82476
0,961489,52,0,38,14,82476
0,960873,52,0,38,14,82442
0,961025,52,0,38,14,82430
0,961025,52,0,38,14,82430
0,960989,52,0,38,14,82406
0,961250,52,0,38,14,82468
0,961250,52,0,38,14,82468
0,960982,52,0,38,14,82412
0,961084,52,0,38,14,82440
0,960854,52,0,38,14,82454
0,960854,52,0,38,14,82454
130,961074,77,0,64,13,82432
0,960885,77,0,64,13,82412
0,961135,77,0,64,13,82450
0,961172,77,0,64,13,82428
0,960982,77,0,64,13,82444
0,961178,77,0,64,13,82422
0,961178,77,0,64,13,82422
0,960973,77,0,64,13,82452
0,961206,77,0,64,13,82456
0,960962,77,0,64,13,82438
0,961103,77,0,64,13,82402
0,961103,138,0,119,19,82402
122,961346,72,0,55,17,82452
0,961028,72,0,55,17,82404
0,961028,72,0,55,17,82404
0,961171,72,0,55,17,82446
0,960953,72,0,55,17,82432
0,960998,72,0,55,17,82388
0,960998,72,0,55,17,82388
0,961286,72,0,55,17,82478
0,960964,72,0,55,17,82422
0,960964,72,0,55,17,82422
0,960866,72,0,55,17,82394
0,961146,72,0,55,17,82492
0,961295,88,0,71,17,82424
0,961295,97,0,80,17,82424
50,960965,38,0,25,13,82416
0,961035,38,0,25,13,82410
0,961139,38,0,25,13,82416
0,961139,38,0,25,13,82416
0,960996,38,0,25,13,82412
0,961313,38,0,25,13,82488
0,961313,38,0,25,13,82488
0,960873,38,0,25,13,82440
0,961342,38,0,25,13,82492
0,960839,38,0,25,13,82380
0,960839,38,0,25,13,82380
0,961003,38,0,25,13,82472
0,961299,59,0,45,14,82456
0,961299,126,0,111,15,82456
176,961005,96,0,86,10,82392
0,961047,96,0,86,10,82422
0,961047,96,0,86,10,82422
0,960970,96,0,86,10,82376
0,961175,96,0,86,10,82468
0,961224,96,0,86,10,82442
0,961224,96,0,86,10,82442
0,961095,96,0,86,10,82416
0,960976,96,0,86,10,82442
0,960976,96,0,86,10,82442
0,961031,96,0,86,10,82472
0,960924,96,0,86,10,82468
0,961036,96,0,86,10,82424
0,961036,147,0,132,15,82424
102,961281,61,0,46,15,82468
0,961084,61,0,46,15,82410
0,961084,61,0,46,15,82410
0,961175,61,0,46,15,82402
0,961113,61,0,46,15,82444
0,961018,61,0,46,15,82392
0,961018,61,0,46,15,82392
0,961176,61,0,46,15,82396
0,961009,61,0,46,15,82416
0,961009,61,0,46,15,82416
0,961169,61,0,46,15,82414
0,961007,61,0,46,15,82406
0,960948,61,0,46,15,82402
0,960948,118,0,102,16,82402
114,961290,71,0,56,15,82464
0,960832,71,0,56,15,82392
0,960832,71,0,56,15,82392
0,961167,71,0,56,15,82428
0,960998,71,0,56,15,82410
0,961285,71,0,56,15,82458
0,960914,71,0,56,15,82390
0,960914,71,0,56,15,82390
0,961046,71,0,56,15,82404
0,961017,71,0,56,15,82418
0,961017,71,0,56,15,82418
0,961403,71,0,56,15,82432
0,960998,100,0,81,19,82462
58,961093,77,0,58,19,82436
58,961093,43,0,25,18,82436
0,961139,43,0,25,18,82376
0,961059,43,0,25,18,82410
0,961059,43,0,25,18,82410
0,961064,43,0,25,18,82420
0,961174,43,0,25,18,82426
0,961069,43,0,25,18,82432
0,961069,43,0,25,18,82432
0,961111,43,0,25,18,82432
0,961053,43,0,25,18,82388
0,961091,43,0,25,18,82412
0,961091,43,0,25,18,82412
0,960872,109,0,89,20,82414
132,961247,85,0,70,15,82418
132,961247,78,0,64,14,82418
0,961126,78,0,64,14,82428
0,961182,78,0,64,14,82424
0,960978,78,0,64,14,82386
0,960978,78,0,64,14,82386
0,961124,78,0,64,14,82434
0,961026,78,0,64,14,82424
0,961074,78,0,64,14,82418
0,961074,78,0,64,14,82418
0,961123,78,0,64,14,82428
0,961153,78,0,64,14,82384
0,961153,78,0,64,14,82384
0,960940,195,0,171,24,82412
234,961319,131,0,107,24,82414
0,960833,131,0,107,24,82424
0,960833,131,0,107,24,82424
0,961186,131,0,107,24,82430
0,961092,131,0,107,24,82418
0,961092,131,0,107,24,82418
0,960959,131,0,107,24,82356
0,961069,131,0,107,24,82414
0,961081,131,0,107,24,82438
0,961081,131,0,107,24,82438
0,961334,131,0,107,24,82446
0,960708,131,0,107,24,82390
0,960708,131,0,107,24,82390
0,961335,183,0,158,25,82428
104,961019,74,0,51,23,82418
0,961080,74,0,51,23,82444
0,961080,74,0,51,23,82444
0,961191,74,0,51,23,82416
0,961032,74,0,51,23,82398
0,961032,74,0,51,23,82398
0,961020,74,0,51,23,82430
0,960941,74,0,51,23,82434
0,961077,74,0,51,23,82434
0,961077,74,0,51,23,82434
0,961307,74,0,51,23,82416
0,960907,74,0,51,23,82404
0,960907,74,0,51,23,82404
0,961179,181,0,156,25,82446
214,961218,125,0,105,20,82416
0,960963,125,0,105,20,82426
0,960963,125,0,105,20,82426
0,960917,125,0,105,20,82416
0,961071,125,0,105,20,82426
0,961071,125,0,105,20,82426
0,961477,125,0,105,20,82480
0,961076,125,0,105,20,82412
0,960866,125,0,105,20,82434
0,960866,125,0,105,20,82434
0,961238,125,0,105,20,82472
0,960918,125,0,105,20,82410
0,960918,125,0,105,20,82410
0,961119,208,0,188,20,82446
166,960955,102,0,83,19,82434
0,961187,102,0,83,19,82464
0,961072,102,0,83,19,82426
0,961072,102,0,83,19,82426
0,961093,102,0,83,19,82390
0,960940,102,0,83,19,82414
0,961374,102,0,83,19,82430
0,961374,102,0,83,19,82430
0,960983,102,0,83,19,82412
0,960985,102,0,83,19,82404
0,960985,102,0,83,19,82404
0,960987,201,0,178,23,82408
228,961297,129,0,110,19,82436
0,960975,129,0,110,19,82394
0,961036,129,0,110,19,82418
0,961386,129,0,110,19,82486
0,960922,129,0,110,19,82392
0,960971,129,0,110,19,82404
0,961263,129,0,110,19,82444
0,961263,129,0,110,19,82444
0,960860,129,0,110,19,82388
0,961303,129,0,110,19,82458
0,961303,129,0,110,19,82458
0,961046,222,0,197,25,82400
186,961055,110,0,87,23,82444
0,961176,110,0,87,23,82382
0,961176,110,0,87,23,82382
0,961012,110,0,87,23,82414
0,961176,110,0,87,23,82420
0,961186,110,0,87,23,82418
0,961186,110,0,87,23,82418
0,960975,110,0,87,23,82408
0,961035,110,0,87,23,82412
0,961035,110,0,87,23,82412
0,961097,110,0,87,23,82428
0,961126,110,0,87,23,82412
0,961247,110,0,87,23,82436
0,961247,150,0,123,27,82436
80,960834,53,0,36,17,82424
0,961215,53,0,36,17,82424
0,961215,53,0,36,17,82424
0,960965,53,0,36,17,82420
0,961288,53,0,36,17,82450
0,960968,53,0,36,17,82446
0,960968,53,0,36,17,82446
0,961070,53,0,36,17,82422
0,961231,53,0,36,17,82448
0,961231,53,0,36,17,82448
0,961112,53,0,36,17,82400
0,960837,53,0,36,17,82448
0,960994,53,0,36,17,82402
0,960994,103,0,85,18,82402
100,961246,66,0,49,17,82442
0,960965,66,0,49,17,82456
0,960965,66,0,49,17,82456
0,961203,66,0,49,17,82488
0,961010,66,0,49,17,82418
0,961045,66,0,49,17,82386
0,961045,66,0,49,17,82386
0,961225,66,0,49,17,82420
0,960933,66,0,49,17,82410
0,960933,66,0,49,17,82410
0,961082,66,0,49,17,82454
0,961192,66,0,49,17,82398
0,961079,66,0,49,17,82440
0,961079,115,0,98,17,82440
98,961078,64,0,49,15,82462
0,960997,64,0,49,15,82392
0,960997,64,0,49,15,82392
0,961083,64,0,49,15,82434
0,961251,64,0,49,15,82458
0,961102,64,0,49,15,82396
0,961102,64,0,49,15,82396
0,960926,64,0,49,15,82400
0,961138,64,0,49,15,82438
0,961119,64,0,49,15,82410
0,961119,64,0,49,15,82410
0,961101,64,0,49,15,82408
0,961098,103,0,88,15,82396
150,961099,114,0,98,16,82444
150,961099,90,0,74,16,82444
0,960899,90,0,74,16,82392
0,961163,90,0,74,16,82396
0,961163,90,0,74,16,82396
0,961065,90,0,74,16,82406
0,961151,90,0,74,16,82400
0,961094,90,0,74,16,82386
0,961094,90,0,74,16,82386
0,961091,90,0,74,16,82386
0,960982,90,0,74,16,82422
0,960982,90,0,74,16,82422
0,961302,90,0,74,16,82388
0,960856,122,0,106,16,82382
64,961155,95,0,79,16,82408
64,961155,44,0,32,12,82408
0,960992,44,0,32,12,82374
0,960921,44,0,32,12,82398
0,960921,44,0,32,12,82398
0,961450,44,0,32,12,82424
0,961060,44,0,32,12,82398
0,960846,44,0,32,12,82390
0,960846,44,0,32,12,82390
0,961074,44,0,32,12,82404
0,961349,44,0,32,12,82474
0,961349,44,0,32,12,82474
0,961088,44,0,32,12,82444
0,960927,65,0,51,14,82350
128,960962,93,0,80,13,82400
128,960962,70,0,62,8,82400
0,961358,70,0,62,8,82412
0,960881,70,0,62,8,82434
0,960881,70,0,62,8,82434
0,961121,70,0,62,8,82458
0,961199,70,0,62,8,82436
0,961199,70,0,62,8,82436
0,961060,70,0,62,8,82422
0,960983,70,0,62,8,82384
0,961267,70,0,62,8,82426
0,961267,70,0,62,8,82426
0,960961,70,0,62,8,82416
0,961046,70,0,62,8,82428
0,961046,129,0,120,9,82428
118,961177,63,0,58,5,82420
0,961176,63,0,58,5,82380
0,960948,63,0,58,5,82418
0,961137,63,0,58,5,82434
0,961137,63,0,58,5,82434
0,961142,63,0,58,5,82418
0,960878,63,0,58,5,82418
0,960878,63,0,58,5,82418
0,961328,63,0,58,5,82486
0,960818,63,0,58,5,82414
0,961329,63,0,58,5,82412
0,961329,63,0,58,5,82412
0,960898,64,0,59,5,82390
2,961324,23,0,18,5,82412
2,961324,5,0,1,4,82412
0,960765,5,0,1,4,82356
0,961330,5,0,1,4,82430
0,960863,5,0,1,4,82380
0,960863,5,0,1,4,82380
0,961173,5,0,1,4,82390
0,961105,5,0,1,4,82416
0,961105,5,0,1,4,82416
0,961172,5,0,1,4,82376
0,961054,5,0,1,4,82416
0,961144,5,0,1,4,82440
0,961144,5,0,1,4,82440
0,960720,58,0,49,9,82366
106,961413,57,0,48,9,82452
0,961257,57,0,48,9,82382
0,961257,57,0,48,9,82382
0,960903,57,0,48,9,82396
0,961180,57,0,48,9,82416
0,961180,57,0,48,9,82416
0,961059,57,0,48,9,82414
0,960919,57,0,48,9,82402
0,961347,57,0,48,9,82418
0,961347,57,0,48,9,82418
0,960974,57,0,48,9,82418
0,960884,57,0,48,9,82354
0,960884,57,0,48,9,82354
0,961301,106,0,95,11,82422
98,960979,72,0,62,10,82404
98,960979,57,0,47,10,82404
0,961127,57,0,47,10,82396
0,961153,57,0,47,10,82412
0,961199,57,0,47,10,82458
0,961199,57,0,47,10,82458
0,960853,57,0,47,10,82408
0,961363,57,0,47,10,82452
0,960836,57,0,47,10,82388
0,960836,57,0,47,10,82388
0,961015,57,0,47,10,82456
0,961378,57,0,47,10,82472
0,961378,57,0,47,10,82472
0,960914,118,0,106,12,82374
0,961243,71,0,59,12,82456
0,961050,71,0,59,12,82438
0,960847,71,0,59,12,82390
0,961223,71,0,59,12,82420
0,961223,71,0,59,12,82420
0,961314,71,0,59,12,82476
0,960982,71,0,59,12,82396
0,961219,71,0,59,12,82454
0,960936,71,0,59,12,82448
0,961094,71,0,59,12,82398
0,961094,83,0,68,15,82398
24,961132,22,0,9,13,82428
0,961068,22,0,9,13,82396
0,961179,22,0,9,13,82402
0,961179,22,0,9,13,82402
0,960806,22,0,9,13,82380
0,961287,22,0,9,13,82456
0,961287,22,0,9,13,82456
0,960899,22,0,9,13,82366
0,961261,22,0,9,13,82394
0,961084,22,0,9,13,82384
0,961084,22,0,9,13,82384
0,961175,22,0,9,13,82452
0,960884,22,0,9,13,82406
146,961236,94,0,78,16,82444
146,961236,85,0,70,15,82444
0,960922,85,0,70,15,82414
0,961180,85,0,70,15,82414
0,961180,85,0,70,15,82414
0,960918,85,0,70,15,82424
0,961158,85,0,70,15,82410
0,961302,85,0,70,15,82458
0,961302,85,0,70,15,82458
0,961005,85,0,70,15,82376
0,961131,85,0,70,15,82404
0,961131,85,0,70,15,82404
0,961056,85,0,70,15,82374
0,961087,99,0,83,16,82364
0,961087,155,0,137,18,82364
140,961255,85,0,67,18,82410
0,961036,85,0,67,18,82404
0,961075,85,0,67,18,82446
0,961075,85,0,67,18,82446
0,960826,85,0,67,18,82364
0,961076,85,0,67,18,82390
0,961076,85,0,67,18,82390
0,961426,85,0,67,18,82440
0,960921,85,0,67,18,82410
0,960924,85,0,67,18,82372
0,960924,85,0,67,18,82372
0,961305,85,0,67,18,82460
0,961082,128,0,107,21,82440
0,961082,180,0,154,26,82440
190,961012,108,0,87,21,82436
0,961198,108,0,87,21,82398
0,960993,108,0,87,21,82394
0,960993,108,0,87,21,82394
0,961063,108,0,87,21,82398
0,961143,108,0,87,21,82436
0,961143,108,0,87,21,82436
0,961022,108,0,87,21,82374
0,961211,108,0,87,21,82430
0,961124,108,0,87,21,82420
0,961124,108,0,87,21,82420
0,960830,108,0,87,21,82382
0,961309,192,0,169,23,82412
0,961309,220,0,197,23,82412
224,961119,131,0,110,21,82398
0,960894,131,0,110,21,82406
0,961074,131,0,110,21,82428
0,961074,131,0,110,21,82428
0,961116,131,0,110,21,82470
0,961260,131,0,110,21,82480
0,961260,131,0,110,21,82480
0,960897,131,0,110,21,82394
0,961261,131,0,110,21,82432
0,960903,131,0,110,21,82386
0,960903,131,0,110,21,82386
0,961168,131,0,110,21,82448
0,961019,156,0,135,21,82402
0,961019,167,0,146,21,82402
72,961072,55,0,36,19,82444
0,961273,55,0,36,19,82454
0,960748,55,0,36,19,82360
0,960748,55,0,36,19,82360
0,961058,55,0,36,19,82410
0,961172,55,0,36,19,82442
0,961172,55,0,36,19,82442
0,961268,55,0,36,19,82394
0,960874,55,0,36,19,82360
0,961094,55,0,36,19,82436
0,961094,55,0,36,19,82436
0,961233,55,0,36,19,82434
0,961016,75,0,56,19,82420
116,961234,102,0,84,18,82446
116,961234,74,0,57,17,82446
0,960765,74,0,57,17,82408
0,961330,74,0,57,17,82424
0,961330,74,0,57,17,82424
0,961152,74,0,57,17,82430
0,960832,74,0,57,17,82408
0,960832,74,0,57,17,82408
0,961182,74,0,57,17,82398
0,961233,74,0,57,17,82464
0,960992,74,0,57,17,82406
0,960992,74,0,57,17,82406
0,960947,74,0,57,17,82414
0,961302,125,0,108,17,82432
0,961302,148,0,131,17,82432
148,961071,88,0,74,14,82434
0,961042,88,0,74,14,82426
0,961134,88,0,74,14,82382
0,961134,88,0,74,14,82382
0,960923,88,0,74,14,82448
0,961096,88,0,74,14,82436
0,961054,88,0,74,14,82418
0,961054,88,0,74,14,82418
0,961200,88,0,74,14,82414
0,961140,88,0,74,14,82450
0,961140,88,0,74,14,82450
0,960942,88,0,74,14,82412
0,961181,161,0,144,17,82460
146,960876,107,0,93,14,82380
146,960876,84,0,70,14,82380
0,961350,84,0,70,14,82466
0,961105,84,0,70,14,82428
0,961052,84,0,70,14,82432
0,961052,84,0,70,14,82432
0,960950,84,0,70,14,82412
0,961210,84,0,70,14,82422
0,961210,84,0,70,14,82422
0,960887,84,0,70,14,82408
0,961232,84,0,70,14,82442
0,961232,84,0,70,14,82442
0,960875,84,0,70,14,82384
0,961152,159,0,144,15,82408
150,961011,133,0,120,13,82378
150,961011,81,0,74,7,82378
0,961347,81,0,74,7,82436
0,961066,81,0,74,7,82388
0,961066,81,0,74,7,82388
0,961082,81,0,74,7,82472
0,960862,81,0,74,7,82428
0,961080,81,0,74,7,82446
0,961080,81,0,74,7,82446
0,961194,81,0,74,7,82422
0,961175,81,0,74,7,82368
0,961175,81,0,74,7,82368
0,961065,81,0,74,7,82418
0,961279,130,0,122,8,82432
98,960818,77,0,71,6,82424
0,960978,54,0,48,6,82390
0,961194,54,0,48,6,82460
0,961194,54,0,48,6,82460
0,961027,54,0,48,6,82386
0,961319,54,0,48,6,82438
0,960798,54,0,48,6,82390
0,960798,54,0,48,6,82390
0,961298,54,0,48,6,82412
0,961147,54,0,48,6,82434
0,961147,54,0,48,6,82434
0,960946,54,0,48,6,82384
210,961355,141,0,135,6,82434
0,960904,111,0,105,6,82394
0,960852,111,0,105,6,82412
0,961388,111,0,105,6,82424
0,961388,111,0,105,6,82424
0,961071,111,0,105,6,82414
0,961119,111,0,105,6,82448
0,961090,111,0,105,6,82414
0,960910,111,0,105,6,82424
0,961075,111,0,105,6,82372
0,961075,111,0,105,6,82372
0,961079,172,0,165,7,82414
122,961150,99,0,93,6,82378
122,961150,66,0,60,6,82378
0,960919,66,0,60,6,82376
0,961365,66,0,60,6,82408
0,961082,66,0,60,6,82430
0,961082,66,0,60,6,82430
0,960988,66,0,60,6,82382
0,961036,66,0,60,6,82432
0,961062,66,0,60,6,82434
0,961062,66,0,60,6,82434
0,961029,66,0,60,6,82410
0,961367,66,0,60,6,82494
0,961367,66,0,60,6,82494
0,960901,125,0,116,9,82406
118,961011,65,0,56,9,82378
0,961329,65,0,56,9,82436
0,961329,65,0,56,9,82436
0,961002,65,0,56,9,82430
0,961097,65,0,56,9,82438
0,961097,65,0,56,9,82438
0,960973,65,0,56,9,82390
0,961373,65,0,56,9,82450
0,960986,65,0,56,9,82412
0,960986,65,0,56,9,82412
0,961073,65,0,56,9,82384
0,961132,65,0,56,9,82432
0,961132,65,0,56,9,82432
0,961118,167,0,157,10,82416
204,961005,108,0,101,7,82398
0,960933,108,0,101,7,82420
0,960933,108,0,101,7,82420
0,961081,108,0,101,7,82426
0,961070,108,0,101,7,82422
0,961070,108,0,101,7,82422
0,961367,108,0,101,7,82424
0,961002,108,0,101,7,82392
0,961033,108,0,101,7,82440
0,961033,108,0,101,7,82440
0,961089,108,0,101,7,82438
0,961181,108,0,101,7,82446
0,961075,108,0,101,7,82458
0,961075,167,0,159,8,82458
118,960991,65,0,58,7,82408
0,961182,65,0,58,7,82388
0,961182,65,0,58,7,82388
0,960865,65,0,58,7,82390
0,961221,65,0,58,7,82492
0,961071,65,0,58,7,82412
0,961071,65,0,58,7,82412
0,960864,65,0,58,7,82400
0,961218,65,0,58,7,82400
0,961218,65,0,58,7,82400
0,961013,65,0,58,7,82408
0,961153,65,0,58,7,82422
0,961029,65,0,58,7,82420
0,961029,101,0,92,9,82420
72,961230,42,0,34,8,82400
0,960933,42,0,34,8,82384
0,960933,42,0,34,8,82384
0,961028,42,0,34,8,82430
0,961201,42,0,34,8,82444
0,961209,42,0,34,8,82458
0,961209,42,0,34,8,82458
0,960952,42,0,34,8,82412
0,960976,42,0,34,8,82430
0,960976,42,0,34,8,82430
0,961264,42,0,34,8,82462
0,960960,42,0,34,8,82414
0,961246,42,0,34,8,82450
0,961246,65,0,56,9,82450
46,961085,31,0,22,9,82438
0,960929,31,0,22,9,82426
0,960929,31,0,22,9,82426
0,961209,31,0,22,9,82432
0,961145,31,0,22,9,82416
0,960862,31,0,22,9,82400
0,960862,31,0,22,9,82400
0,960979,31,0,22,9,82456
0,961205,31,0,22,9,82410
0,961205,31,0,22,9,82410
0,961171,31,0,22,9,82458
0,960969,31,0,22,9,82398
0,961148,31,0,22,9,82460
104,960968,80,0,71,9,82402
104,960968,60,0,52,8,82402
0,961020,60,0,52,8,82414
0,961282,60,0,52,8,82406
0,961282,60,0,52,8,82406
0,960939,60,0,52,8,82452
0,961193,60,0,52,8,82414
0,961052,60,0,52,8,82420
0,961052,60,0,52,8,82420
0,960829,60,0,52,8,82482
0,961534,60,0,52,8,82482
0,961534,60,0,52,8,82482
0,961010,60,0,52,8,82404
0,961122,98,0,87,11,82412
76,961011,56,0,48,8,82436
76,961011,43,0,35,8,82436
0,961056,43,0,35,8,82440
0,961074,43,0,35,8,82404
0,960985,43,0,35,8,82422
0,961213,43,0,35,8,82464
0,961213,43,0,35,8,82464
0,961023,43,0,35,8,82416
0,961058,43,0,35,8,82426
0,961058,43,0,35,8,82426
0,961149,43,0,35,8,82404
0,961204,43,0,35,8,82442
0,960953,43,0,35,8,82392
0,960953,129,0,119,10,82392
172,960952,93,0,84,9,82416
0,961270,93,0,84,9,82436
0,960788,93,0,84,9,82366
0,960788,93,0,84,9,82366
0,961501,93,0,84,9,82508
0,961119,93,0,84,9,82444
0,961119,93,0,84,9,82444
0,960895,93,0,84,9,82398
0,961013,93,0,84,9,82408
0,961189,93,0,84,9,82418
0,961189,93,0,84,9,82418
0,961131,93,0,84,9,82388
0,960983,114,0,104,10,82374
0,960983,206,0,194,12,82374
226,961179,121,0,110,11,82416
0,960971,121,0,110,11,82426
0,960833,121,0,110,11,82410
0,960833,121,0,110,11,82410
0,961405,121,0,110,11,82444
0,961202,121,0,110,11,82408
0,961202,121,0,110,11,82408
0,960866,121,0,110,11,82418
0,961158,121,0,110,11,82410
0,961244,121,0,110,11,82434
0,961244,121,0,110,11,82434
0,961086,121,0,110,11,82436
0,960962,140,0,129,11,82410
0,960962,231,0,220,11,82410
220,961187,119,0,110,9,82422
0,960635,119,0,110,9,82404
0,961437,119,0,110,9,82432
0,961437,119,0,110,9,82432
0,961127,119,0,110,9,82418
0,961163,119,0,110,9,82422
0,960836,119,0,110,9,82414
0,960836,119,0,110,9,82414
0,961133,119,0,110,9,82416
0,960846,119,0,110,9,82400
0,960846,119,0,110,9,82400
0,961080,213,0,203,10,82392
190,961045,103,0,94,9,82458
0,960955,103,0,94,9,82426
0,961092,103,0,94,9,82452
0,961331,103,0,94,9,82406
0,960910,103,0,94,9,82370
0,961241,103,0,94,9,82374
0,960969,103,0,94,9,82368
0,960969,103,0,94,9,82368
0,961410,103,0,94,9,82442
0,960786,103,0,94,9,82346
0,960786,103,0,94,9,82346
0,961099,148,0,137,11,82424
90,961072,84,0,73,11,82416
90,961072,54,0,43,11,82416
0,860073,54,0,43,11,73492
0,837318,54,0,43,11,71580
0,961056,54,0,43,11,82426
0,961056,54,0,43,11,82426
0,960962,54,0,43,11,82396
0,961121,54,0,43,11,82362
0,961121,54,0,43,11,82362
0,961203,54,0,43,11,82454
0,961089,54,0,43,11,82400
0,960848,54,0,43,11,82370
0,960848,54,0,43,11,82370
0,961168,102,0,87,15,82380
96,961212,56,0,44,12,82400
0,961215,56,0,44,12,82380
0,961215,56,0,44,12,82380
0,960950,56,0,44,12,82386
0,961185,56,0,44,12,82388
0,961051,56,0,44,12,82402
0,961051,56,0,44,12,82402
0,961035,56,0,44,12,82426
0,961036,56,0,44,12,82420
0,961036,56,0,44,12,82420
0,961094,56,0,44,12,82436
0,961315,56,0,44,12,82470
0,960810,56,0,44,12,82374
0,960810,210,0,196,14,82374
308,961325,164,0,152,12,82402
0,960840,164,0,152,12,82344
0,960840,164,0,152,12,82344
0,961229,164,0,152,12,82414
0,960933,164,0,152,12,82418
0,961225,164,0,152,12,82384
0,961225,164,0,152,12,82384
0,961232,164,0,152,12,82430
0,961060,164,0,152,12,82418
0,960834,164,0,152,12,82400
0,960834,164,0,152,12,82400
0,961255,164,0,152,12,82428
0,960891,164,0,152,12,82376
0,960891,245,0,233,12,82376
162,961294,90,0,81,9,82442
0,961010,90,0,81,9,82400
0,961190,90,0,81,9,82410
0,961190,90,0,81,9,82410
0,961060,90,0,81,9,82366
0,960945,90,0,81,9,82348
0,960945,90,0,81,9,82348
0,961245,90,0,81,9,82394
0,960930,90,0,81,9,82418
0,961075,90,0,81,9,82410
0,961075,90,0,81,9,82410
0,961161,90,0,81,9,82422
0,960852,110,0,101,9,82364
54,961268,94,0,84,10,82486
54,961268,36,0,26,10,82486
0,961106,36,0,26,10,82402
0,961179,36,0,26,10,82378
0,961085,36,0,26,10,82430
0,961085,36,0,26,10,82430
0,960865,36,0,26,10,82400
0,961104,36,0,26,10,82384
0,961104,36,0,26,10,82384
0,961259,36,0,26,10,82422
0,960924,36,0,26,10,82416
0,961221,36,0,26,10,82422
0,961221,36,0,26,10,82422
0,961100,99,0,88,11,82338
144,961082,91,0,79,12,82424
144,961082,81,0,70,11,82424
0,961150,81,0,70,11,82416
0,961043,81,0,70,11,82376
0,961191,81,0,70,11,82380
0,961191,81,0,70,11,82380
0,960939,81,0,70,11,82384
0,961067,81,0,70,11,82384
0,961067,81,0,70,11,82384
0,961055,81,0,70,11,82436
0,961148,81,0,70,11,82408
0,961023,81,0,70,11,82408
0,961023,81,0,70,11,82408
0,961233,139,0,127,12,82406
116,960926,67,0,57,10,82460
0,961330,67,0,57,10,82440
0,961330,67,0,57,10,82440
0,961094,67,0,57,10,82410
0,960919,67,0,57,10,82390
0,960919,67,0,57,10,82390
0,961252,67,0,57,10,82450
0,960733,67,0,57,10,82430
0,960733,67,0,57,10,82430
0,961320,67,0,57,10,82456
0,960976,67,0,57,10,82400
0,961159,67,0,57,10,82442
0,961159,67,0,57,10,82442
0,961011,97,0,86,11,82476
60,961110,36,0,29,7,82434
0,960993,36,0,29,7,82440
0,960993,36,0,29,7,82440
0,961215,36,0,29,7,82424
0,961133,36,0,29,7,82438
0,961133,36,0,29,7,82438
0,960905,36,0,29,7,82398
0,961219,36,0,29,7,82446
0,961155,36,0,29,7,82432
0,961155,36,0,29,7,82432
0,960934,36,0,29,7,82400
0,961071,36,0,29,7,82386
0,961071,36,0,29,7,82386
0,961072,72,0,63,9,82438
72,961076,41,0,34,7,82430
0,961234,41,0,34,7,82490
0,961234,41,0,34,7,82490
0,960902,41,0,34,7,82434
0,961184,41,0,34,7,82438
0,960826,41,0,34,7,82388
0,960826,41,0,34,7,82388
0,961418,41,0,34,7,82452
0,960953,41,0,34,7,82420
0,960953,41,0,34,7,82420
0,961252,41,0,34,7,82468
0,961002,41,0,34,7,82402
0,961002,41,0,34,7,82402
0,961070,79,0,69,10,82454
76,961165,45,0,35,10,82452
0,961050,45,0,35,10,82382
0,961050,45,0,35,10,82382
0,961109,45,0,35,10,82422
0,961023,45,0,35,10,82408
0,960942,45,0,35,10,82410
0,960942,45,0,35,10,82410
0,961049,45,0,35,10,82458
0,961434,45,0,35,10,82472
0,961434,45,0,35,10,82472
0,960890,45,0,35,10,82410
0,961047,45,0,35,10,82446
0,961150,45,0,35,10,82444
0,961150,89,0,79,10,82444
0,961494,53,0,44,9,82482
0,961494,53,0,44,9,82482
0,960858,53,0,44,9,82416
0,961148,53,0,44,9,82448
0,961148,53,0,44,9,82448
0,961010,53,0,44,9,82444
0,961031,53,0,44,9,82434
0,961012,53,0,44,9,82490
0,961012,53,0,44,9,82490
0,961385,53,0,44,9,82432
0,960794,53,0,44,9,82396
0,960794,53,0,44,9,82396
0,961065,94,0,84,10,82434
0,961369,48,0,40,8,82480
0,960937,48,0,40,8,82426
0,961089,48,0,40,8,82400
0,961261,48,0,40,8,82458
0,961261,48,0,40,8,82458
0,960988,48,0,40,8,82396
0,961300,48,0,40,8,82448
0,960606,48,0,40,8,82376
0,961437,48,0,40,8,82474
0,960975,89,0,79,10,82384
0,960975,100,0,90,10,82384
104,961116,59,0,50,9,82360
0,960989,59,0,50,9,82416
0,961155,59,0,50,9,82418
0,961155,59,0,50,9,82418
0,961181,59,0,50,9,82392
0,961164,59,0,50,9,82414
0,961164,59,0,50,9,82414
0,961037,59,0,50,9,82440
0,961128,59,0,50,9,82402
0,961015,59,0,50,9,82442
0,961015,59,0,50,9,82442
0,960974,59,0,50,9,82418
0,961128,96,0,86,10,82458
0,961128,148,0,138,10,82458
178,961208,97,0,88,9,82408
0,961149,97,0,88,9,82416
0,960995,97,0,88,9,82408
0,960995,97,0,88,9,82408
0,960945,97,0,88,9,82444
0,961028,97,0,88,9,82430
0,961028,97,0,88,9,82430
0,961008,97,0,88,9,82458
0,961347,97,0,88,9,82436
0,960946,97,0,88,9,82396
0,960946,97,0,88,9,82396
0,961092,97,0,88,9,82442
0,961203,143,0,133,10,82430
104,960841,115,0,106,9,82408
104,960841,59,0,51,8,82408
0,961155,59,0,51,8,82432
0,961173,59,0,51,8,82444
0,961173,59,0,51,8,82444
0,961029,59,0,51,8,82476
0,961104,59,0,51,8,82452
0,961104,59,0,51,8,82452
0,961165,59,0,51,8,82458
0,961074,59,0,51,8,82424
0,960916,59,0,51,8,82430
0,960916,59,0,51,8,82430
0,960981,59,0,51,8,82428
0,961113,110,0,97,13,82416
0,961113,132,0,119,13,82416
146,961069,78,0,68,10,82452
0,961269,78,0,68,10,82408
0,961097,78,0,68,10,82402
0,961097,78,0,68,10,82402
0,960966,78,0,68,10,82382
0,961035,78,0,68,10,82388
0,961035,78,0,68,10,82388
0,961042,78,0,68,10,82426
0,961423,78,0,68,10,82488
0,960913,78,0,68,10,82406
0,960913,78,0,68,10,82406
0,961247,78,0,68,10,82402
0,961040,111,0,99,12,82440
0,961040,146,0,130,16,82440
136,961122,78,0,62,16,82468
0,960984,78,0,62,16,82456
0,961051,78,0,62,16,82444
0,961051,78,0,62,16,82444
0,961201,78,0,62,16,82466
0,961019,78,0,62,16,82434
0,961019,78,0,62,16,82434
0,961131,78,0,62,16,82446
0,961109,78,0,62,16,82434
0,961026,78,0,62,16,82432
0,961026,78,0,62,16,82432
0,961012,78,0,62,16,82388
0,961232,105,0,89,16,82430
0,961232,115,0,99,16,82430
74,961040,52,0,37,15,82398
0,960775,52,0,37,15,82406
0,961407,52,0,37,15,82468
0,961407,52,0,37,15,82468
0,961058,52,0,37,15,82476
0,960904,52,0,37,15,82416
0,960904,52,0,37,15,82416
0,961153,52,0,37,15,82438
0,961041,52,0,37,15,82416
0,961226,52,0,37,15,82450
0,961226,52,0,37,15,82450
0,961099,52,0,37,15,82426
0,961036,73,0,58,15,82432
144,961255,113,0,99,14,82428
144,961255,85,0,72,13,82428
0,960700,85,0,72,13,82126
0,961225,85,0,72,13,82124
0,961225,85,0,72,13,82124
0,961393,85,0,72,13,82416
0,960955,85,0,72,13,82414
0,960987,85,0,72,13,82422
0,960987,85,0,72,13,82422
0,961029,85,0,72,13,82460
0,961123,85,0,72,13,82468
0,961123,85,0,72,13,82468
0,960861,85,0,72,13,82450
0,961356,107,0,94,13,82458
46,961047,76,0,64,12,82404
46,961047,35,0,23,12,82404
0,960929,35,0,23,12,82438
0,961348,35,0,23,12,82444
0,961141,35,0,23,12,82400
0,961141,35,0,23,12,82400
0,960775,35,0,23,12,82392
0,961291,35,0,23,12,82426
0,961291,35,0,23,12,82426
0,960787,35,0,23,12,82424
0,961215,35,0,23,12,82424
0,961205,35,0,23,12,82438
0,961205,35,0,23,12,82438
0,960879,62,0,50,12,82424
54,961302,45,0,34,11,82470
54,961302,38,0,27,11,82470
0,961056,38,0,27,11,82426
0,961147,38,0,27,11,82418
0,960918,38,0,27,11,82372
0,960918,38,0,27,11,82372
0,961205,38,0,27,11,82452
0,961006,38,0,27,11,82452
0,961006,38,0,27,11,82452
0,961096,38,0,27,11,82406
0,961249,38,0,27,11,82462
0,960814,38,0,27,11,82422
0,960814,38,0,27,11,82422
0,961100,110,0,96,14,82402
144,961152,88,0,77,11,82440
144,961152,78,0,69,9,82440
0,961135,78,0,69,9,82452
0,960839,78,0,69,9,82428
0,961435,78,0,69,9,82438
0,961435,78,0,69,9,82438
0,961022,78,0,69,9,82426
0,960887,78,0,69,9,82420
0,960887,78,0,69,9,82420
0,961099,78,0,69,9,82422
0,961201,78,0,69,9,82440
0,961076,78,0,69,9,82400
0,961076,78,0,69,9,82400
0,961178,141,0,128,13,82460
126,960847,91,0,81,10,82412
126,960847,66,0,59,7,82412
0,961124,66,0,59,7,82444
0,961198,66,0,59,7,82432
0,960998,66,0,59,7,82446
0,960998,66,0,59,7,82446
0,961182,66,0,59,7,82462
0,961030,66,0,59,7,82410
0,961030,66,0,59,7,82410
0,961116,66,0,59,7,82416
0,960957,66,0,59,7,82400
0,961230,66,0,59,7,82460
0,961230,66,0,59,7,82460
0,961106,106,0,83,23,82406
0,961010,106,0,83,23,82426
0,961055,106,0,83,23,82372
0,961055,106,0,83,23,82372
0,961251,106,0,83,23,82446
0,961023,106,0,83,23,82370
0,960968,106,0,83,23,82464
0,960968,106,0,83,23,82464
0,961150,182,0,158,24,82396
248,960959,198,0,175,23,82388
248,960959,143,0,123,20,82388
0,961249,143,0,123,20,82444
0,961011,143,0,123,20,82384
0,961011,143,0,123,20,82384
0,961083,143,0,123,20,82370
0,961103,143,0,123,20,82378
0,961133,143,0,123,20,82362
0,961133,143,0,123,20,82362
0,961243,143,0,123,20,82430
0,960790,143,0,123,20,82364
0,960790,143,0,123,20,82364
0,961142,143,0,123,20,82406
0,961264,193,0,173,20,82422
108,960995,144,0,124,20,82396
108,960995,74,0,54,20,82396
0,961054,74,0,54,20,82428
0,961034,74,0,54,20,82418
0,961034,74,0,54,20,82418
0,961264,74,0,54,20,82446
0,960979,74,0,54,20,82406
0,961090,74,0,54,20,82382
0,961090,74,0,54,20,82382
0,961053,74,0,54,20,82390
0,960901,74,0,54,20,82388
0,960901,74,0,54,20,82388
0,961176,74,0,54,20,82436
0,961072,99,0,77,22,82420
118,961076,112,0,91,21,82388
118,961076,74,0,57,17,82388
0,961193,74,0,57,17,82376
0,961141,74,0,57,17,82452
0,961141,74,0,57,17,82452
0,961087,74,0,57,17,82402
0,961079,74,0,57,17,82440
0,961165,74,0,57,17,82416
0,961165,74,0,57,17,82416
0,960907,74,0,57,17,82406
0,961234,74,0,57,17,82426
0,961234,74,0,57,17,82426
0,960843,74,0,57,17,82448
0,961278,87,0,70,17,82468
38,961224,74,0,60,14,82426
38,961224,32,0,19,13,82426
0,960657,32,0,19,13,82334
0,961433,32,0,19,13,82450
0,961433,32,0,19,13,82450
0,961043,32,0,19,13,82416
0,961024,32,0,19,13,82396
0,961045,32,0,19,13,82368
0,961045,32,0,19,13,82368
0,961140,32,0,19,13,82394
0,960942,32,0,19,13,82386
0,960942,32,0,19,13,82386
0,961152,32,0,19,13,82416
0,961225,46,0,33,13,82394
154,960914,99,0,85,14,82404
154,960914,90,0,76,14,82404
0,961071,90,0,76,14,82400
0,961298,90,0,76,14,82436
0,961298,90,0,76,14,82436
0,961033,90,0,76,14,82376
0,961158,90,0,76,14,82414
0,961158,90,0,76,14,82414
0,960943,90,0,76,14,82392
0,961275,90,0,76,14,82400
0,961053,90,0,76,14,82396
0,961053,90,0,76,14,82396
0,960914,90,0,76,14,82400
0,961233,90,0,76,14,82410
0,961233,122,0,107,15,82410
64,960857,36,0,31,5,82386
0,961260,36,0,31,5,82412
0,960924,36,0,31,5,82400
0,960924,36,0,31,5,82400
0,961297,36,0,31,5,82406
0,960989,36,0,31,5,82388
0,960989,36,0,31,5,82388
0,961055,36,0,31,5,82400
0,961231,36,0,31,5,82394
0,960977,36,0,31,5,82418
0,960977,36,0,31,5,82418
0,961181,36,0,31,5,82378
0,961156,41,0,36,5,82424
124,960904,86,0,82,4,82368
0,961350,66,0,62,4,82450
0,961350,66,0,62,4,82450
0,960836,66,0,62,4,82350
0,961036,66,0,62,4,82406
0,961009,66,0,62,4,82398
0,961009,66,0,62,4,82398
0,961338,66,0,62,4,82402
0,960877,66,0,62,4,82426
0,960877,66,0,62,4,82426
0,961156,66,0,62,4,82412
0,961034,66,0,62,4,82426
98,961015,93,0,89,4,82390
0,961404,53,0,49,4,82414
0,960889,53,0,49,4,82344
0,960889,53,0,49,4,82344
0,960988,53,0,49,4,82398
0,961127,53,0,49,4,82422
0,961093,53,0,49,4,82436
0,961134,53,0,49,4,82406
0,961134,53,0,49,4,82406
0,960957,53,0,49,4,82424
0,961178,53,0,49,4,82408
0,961287,53,0,49,4,82430
0,961287,116,0,112,4,82430
126,960975,65,0,63,2,82422
0,960778,65,0,63,2,82380
0,961104,65,0,63,2,82432
0,961104,65,0,63,2,82432
0,961055,65,0,63,2,82448
0,961257,65,0,63,2,82426
0,961257,65,0,63,2,82426
0,960856,65,0,63,2,82384
0,961559,65,0,63,2,82464
0,960721,65,0,63,2,82400
0,960721,65,0,63,2,82400
0,961413,65,0,63,2,82420
0,960975,65,0,63,2,82386
0,960975,134,0,132,2,82386
138,961197,71,0,69,2,82460
0,960975,71,0,69,2,82444
0,960951,71,0,69,2,82398
0,960951,71,0,69,2,82398
0,961329,71,0,69,2,82410
0,960721,71,0,69,2,82404
0,960721,71,0,69,2,82404
0,961329,71,0,69,2,82386
0,961065,71,0,69,2,82354
0,961065,71,0,69,2,82354
0,961126,71,0,69,2,82432
0,960846,71,0,69,2,82372
0,961017,71,0,69,2,82450
0,961017,102,0,98,4,82450
62,961251,32,0,29,3,82438
0,961074,32,0,29,3,82424
0,961074,32,0,29,3,82424
0,961190,32,0,29,3,82428
0,961039,32,0,29,3,82432
0,960979,32,0,29,3,82376
0,960979,32,0,29,3,82376
0,961362,32,0,29,3,82392
0,960866,32,0,29,3,82384
0,960866,32,0,29,3,82384
0,961178,32,0,29,3,82442
0,960726,32,0,29,3,82352
0,961431,32,0,29,3,82454
0,961431,92,0,79,13,82454
120,961078,62,0,50,12,82366
0,961047,62,0,50,12,82422
0,961047,62,0,50,12,82422
0,960834,62,0,50,12,82458
0,961243,62,0,50,12,82430
0,961208,62,0,50,12,82418
0,961208,62,0,50,12,82418
0,960829,62,0,50,12,82364
0,961377,62,0,50,12,82470
0,960939,62,0,50,12,82384
0,960939,62,0,50,12,82384
0,961151,62,0,50,12,82422
0,961103,143,0,120,23,82444
168,960842,128,0,105,23,82394
168,960842,96,0,73,23,82394
0,961356,96,0,73,23,82416
0,960996,96,0,73,23,82430
0,960996,96,0,73,23,82430
0,960909,96,0,73,23,82414
0,961349,96,0,73,23,82368
0,960844,96,0,73,23,82404
0,960844,96,0,73,23,82404
0,961289,96,0,73,23,82392
0,961120,96,0,73,23,82400
0,961120,96,0,73,23,82400
0,960967,96,0,73,23,82368
0,960872,174,0,148,26,82374
156,961392,148,0,122,26,82424
156,961392,101,0,75,26,82424
0,960987,101,0,75,26,82368
0,961176,101,0,75,26,82422
0,961176,101,0,75,26,82422
0,960961,101,0,75,26,82394
0,961179,101,0,75,26,82386
0,961125,101,0,75,26,82372
0,961125,101,0,75,26,82372
0,961106,101,0,75,26,82432
0,960900,101,0,75,26,82406
0,961244,101,0,75,26,82438
0,961244,101,0,75,26,82438
0,960873,155,0,127,28,82352
108,961367,80,0,52,28,82470
108,961367,80,0,52,28,82470
0,961013,80,0,52,28,82358
0,961074,80,0,52,28,82380
0,961049,80,0,52,28,82378
0,961049,80,0,52,28,82378
0,961042,80,0,52,28,82400
0,961086,80,0,52,28,82412
0,961086,80,0,52,28,82412
0,961293,80,0,52,28,82426
0,961059,80,0,52,28,82382
0,961073,80,0,52,28,82434
0,961073,80,0,52,28,82434
0,961139,184,0,153,31,82428
208,961047,132,0,101,31,82402
0,961048,132,0,101,31,82374
0,961048,132,0,101,31,82374
0,961066,132,0,101,31,82346
0,960847,132,0,101,31,82390
0,960847,132,0,101,31,82390
0,961274,132,0,101,31,82432
0,961210,132,0,101,31,82448
0,960824,132,0,101,31,82406
0,960824,132,0,101,31,82406
0,961289,132,0,101,31,82404
0,961082,132,0,101,31,82404
0,961047,139,0,108,31,82396
0,961047,176,0,140,36,82396
88,961038,73,0,39,34,82414
0,961253,73,0,39,34,82432
0,961253,73,0,39,34,82432
0,961021,73,0,39,34,82422
0,961213,73,0,39,34,82426
0,960903,73,0,39,34,82386
0,960903,73,0,39,34,82386
0,961087,73,0,39,34,82442
0,961181,73,0,39,34,82422
0,960988,73,0,39,34,82422
0,960988,73,0,39,34,82422
0,961179,73,0,39,34,82388
0,960997,94,0,56,38,82404
0,960997,139,0,99,40,82404
132,961065,90,0,60,30,82402
0,961333,90,0,60,30,82434
0,961013,90,0,60,30,82380
0,961013,90,0,60,30,82380
0,961178,90,0,60,30,82378
0,960908,90,0,60,30,82372
0,960908,90,0,60,30,82372
0,961174,90,0,60,30,82438
0,960908,90,0,60,30,82424
0,961085,90,0,60,30,82392
0,961085,90,0,60,30,82392
0,961318,90,0,60,30,82406
0,961141,105,0,75,30,82438
0,961141,139,0,109,30,82438
98,960864,68,0,49,19,82400
0,961211,68,0,49,19,82456
0,960853,68,0,49,19,82384
0,960853,68,0,49,19,82384
0,961214,68,0,49,19,82420
0,961076,68,0,49,19,82440
0,961076,68,0,49,19,82440
0,961143,68,0,49,19,82390
0,961161,68,0,49,19,82476
0,960896,68,0,49,19,82366
0,960896,68,0,49,19,82366
0,961217,68,0,49,19,82380
0,960824,113,0,94,19,82342
114,961160,73,0,57,16,82418
0,960751,73,0,57,16,82414
0,961390,73,0,57,16,82434
0,961390,73,0,57,16,82434
0,961010,73,0,57,16,82432
0,961247,73,0,57,16,82452
0,960997,73,0,57,16,82408
0,961256,73,0,57,16,82430
0,961256,73,0,57,16,82430
0,961016,73,0,57,16,82408
0,960996,104,0,87,17,82414
62,961179,64,0,48,16,82380
62,961179,45,0,30,15,82380
0,960855,45,0,30,15,82364
0,961274,45,0,30,15,82444
0,961109,45,0,30,15,82450
0,961109,45,0,30,15,82450
0,961190,45,0,30,15,82426
0,960956,45,0,30,15,82404
0,960956,45,0,30,15,82404
0,961057,45,0,30,15,82406
0,961130,45,0,30,15,82438
0,961130,45,0,30,15,82438
0,961096,45,0,30,15,82422
0,961076,80,0,61,19,82448
72,960929,67,0,49,18,82458
72,960929,48,0,32,16,82458
0,961105,48,0,32,16,82480
0,961063,48,0,32,16,82426
0,961063,48,0,32,16,82426
0,961096,48,0,32,16,82450
0,961183,48,0,32,16,82418
0,961023,48,0,32,16,82410
0,961023,48,0,32,16,82410
0,961225,48,0,32,16,82444
0,961086,48,0,32,16,82438
0,961086,48,0,32,16,82438
0,960997,48,0,32,16,82392
0,961223,72,0,56,16,82452
48,960758,58,0,46,12,82386
48,960758,35,0,24,11,82386
0,961173,35,0,24,11,82426
0,961204,35,0,24,11,82446
0,961204,35,0,24,11,82446
0,960745,35,0,24,11,82410
0,961515,35,0,24,11,82438
0,961033,35,0,24,11,82404
0,961033,35,0,24,11,82404
0,961043,35,0,24,11,82378
0,960896,35,0,24,11,82388
0,960896,35,0,24,11,82388
0,961179,35,0,24,11,82424
0,961279,98,0,86,12,82430
126,960976,92,0,81,11,82448
126,960976,68,0,62,6,82448
0,961166,68,0,62,6,82424
0,961054,68,0,62,6,82406
0,961054,68,0,62,6,82406
0,960945,68,0,62,6,82426
0,961321,68,0,62,6,82482
0,960766,68,0,62,6,82426
0,960766,68,0,62,6,82426
0,961121,68,0,62,6,82418
0,961199,68,0,62,6,82446
0,961003,68,0,62,6,82436
0,961003,68,0,62,6,82436
0,961192,131,0,124,7,82436
126,960993,87,0,80,7,82428
126,960993,69,0,62,7,82428
0,961120,69,0,62,7,82466
0,961300,69,0,62,7,82444
0,961300,69,0,62,7,82444
0,960763,69,0,62,7,82400
0,961072,69,0,62,7,82418
0,960933,69,0,62,7,82408
0,960933,69,0,62,7,82408
0,961405,69,0,62,7,82456
0,960797,69,0,62,7,82384
0,961249,69,0,62,7,82488
0,961249,69,0,62,7,82488
0,961116,101,0,94,7,82416
64,960982,63,0,56,7,82408
64,960982,39,0,32,7,82408
0,961269,39,0,32,7,82486
0,960864,39,0,32,7,82414
0,961368,39,0,32,7,82450
0,961368,39,0,32,7,82450
0,961091,39,0,32,7,82438
0,960775,39,0,32,7,82406
0,960775,39,0,32,7,82406
0,961340,39,0,32,7,82466
0,960915,39,0,32,7,82408
0,961151,39,0,32,7,82424
0,961151,39,0,32,7,82424
0,960926,101,0,94,7,82462
124,961107,78,0,72,6,82390
124,961107,68,0,62,6,82390
0,961048,68,0,62,6,82454
0,961181,68,0,62,6,82432
0,961088,68,0,62,6,82422
0,961088,68,0,62,6,82422
0,960831,68,0,62,6,82404
0,961318,68,0,62,6,82442
0,961318,68,0,62,6,82442
0,961186,68,0,62,6,82408
0,960924,68,0,62,6,82424
0,960986,68,0,62,6,82414
0,960986,68,0,62,6,82414
0,961025,99,0,92,7,82404
62,961041,33,0,30,3,82440
0,961164,33,0,30,3,82400
0,961164,33,0,30,3,82400
0,961355,33,0,30,3,82466
0,960735,33,0,30,3,82402
0,960735,33,0,30,3,82402
0,961521,33,0,30,3,82440
0,961108,33,0,30,3,82402
0,960787,33,0,30,3,82440
0,960787,33,0,30,3,82440
0,961042,33,0,30,3,82448
0,961450,33,0,30,3,82486
0,961450,33,0,30,3,82486
0,960906,60,0,57,3,82414
54,960822,30,0,27,3,82380
0,961365,30,0,27,3,82422
0,961365,30,0,27,3,82422
0,960806,30,0,27,3,82396
0,961312,30,0,27,3,82430
0,961312,30,0,27,3,82430
0,961162,30,0,27,3,82428
0,960636,30,0,27,3,82384
0,961599,30,0,27,3,82508
0,961599,30,0,27,3,82508
0,961038,30,0,27,3,82418
0,960786,30,0,27,3,82384
0,960786,30,0,27,3,82384
0,961293,100,0,97,3,82464
140,960845,72,0,70,2,82408
0,961018,72,0,70,2,82418
0,961018,72,0,70,2,82418
0,961187,72,0,70,2,82422
0,961078,72,0,70,2,82396
0,961078,72,0,70,2,82396
0,961081,72,0,70,2,82410
0,961176,72,0,70,2,82438
0,961187,72,0,70,2,82356
0,961187,72,0,70,2,82356
0,960863,72,0,70,2,82366
0,961113,72,0,70,2,82430
0,961207,72,0,70,2,82458
0,961207,139,0,136,3,82458
0,960766,68,0,66,2,82428
0,960766,68,0,66,2,82428
0,961199,68,0,66,2,82442
0,961089,68,0,66,2,82410
0,961089,68,0,66,2,82410
0,960965,68,0,66,2,82402
0,961262,68,0,66,2,82436
0,961078,68,0,66,2,82448
0,961078,68,0,66,2,82448
0,960917,68,0,66,2,82366
0,961246,68,0,66,2,82460
0,961157,74,0,71,3,82432
112,961121,58,0,52,6,82384
0,961544,58,0,52,6,82464
0,961544,58,0,52,6,82464
0,960671,58,0,52,6,82382
0,961049,58,0,52,6,82356
0,961169,58,0,52,6,82424
0,961059,58,0,52,6,82418
0,961059,58,0,52,6,82418
0,961084,58,0,52,6,82414
0,961161,58,0,52,6,82434
0,960956,70,0,64,6,82396
0,960956,119,0,113,6,82396
122,961358,67,0,61,6,82454
0,960786,67,0,61,6,82384
0,961230,67,0,61,6,82446
0,961230,67,0,61,6,82446
0,961029,67,0,61,6,82386
0,961100,67,0,61,6,82402
0,961100,67,0,61,6,82402
0,960999,67,0,61,6,82386
0,961181,67,0,61,6,82394
0,960982,67,0,61,6,82374
0,960982,67,0,61,6,82374
0,961230,67,0,61,6,82406
0,960850,67,0,61,6,82418
0,960850,160,0,151,9,82418
186,961174,98,0,90,8,82432
0,961210,98,0,90,8,82438
0,961210,98,0,90,8,82438
0,961185,98,0,90,8,82374
0,960920,98,0,90,8,82394
0,960897,98,0,90,8,82394
0,960897,98,0,90,8,82394
0,961177,98,0,90,8,82442
0,961260,98,0,90,8,82414
0,961260,98,0,90,8,82414
0,961026,98,0,90,8,82420
0,961222,98,0,90,8,82442
0,960834,98,0,90,8,82416
0,960834,110,0,102,8,82416
24,961174,20,0,12,8,82466
0,961048,20,0,12,8,82462
0,961048,20,0,12,8,82462
0,960974,20,0,12,8,82378
0,961387,20,0,12,8,82472
0,960725,20,0,12,8,82414
0,960725,20,0,12,8,82414
0,961341,20,0,12,8,82460
0,960940,20,0,12,8,82416
0,961262,20,0,12,8,82454
0,961262,20,0,12,8,82454
0,961097,20,0,12,8,82426
0,961067,20,0,12,8,82430
0,961067,75,0,66,9,82430
110,961194,63,0,54,9,82452
0,961046,63,0,54,9,82378
0,960753,63,0,54,9,82436
0,960753,63,0,54,9,82436
0,961000,63,0,54,9,82432
0,961336,63,0,54,9,82458
0,961336,63,0,54,9,82458
0,961110,63,0,54,9,82426
0,960926,63,0,54,9,82424
0,961111,63,0,54,9,82416
0,961111,63,0,54,9,82416
0,960964,63,0,54,9,82422
0,961131,63,0,54,9,82406
0,961131,138,0,121,17,82406
150,961122,83,0,67,16,82480
0,961179,83,0,67,16,82412
0,961179,83,0,67,16,82412
0,961229,83,0,67,16,82450
0,961171,83,0,67,16,82460
0,960900,83,0,67,16,82430
0,960900,83,0,67,16,82430
0,961330,83,0,67,16,82444
0,960809,83,0,67,16,82428
0,960809,83,0,67,16,82428
0,960934,83,0,67,16,82410
0,961117,83,0,67,16,82446
0,961204,83,0,67,16,82430
0,961204,151,0,134,17,82430
136,961091,80,0,67,13,82436
0,961147,80,0,67,13,82404
0,961147,80,0,67,13,82404
0,960784,80,0,67,13,82424
0,961368,80,0,67,13,82436
0,961368,80,0,67,13,82436
0,961222,80,0,67,13,82446
0,960911,80,0,67,13,82408
0,961106,80,0,67,13,82434
0,961106,80,0,67,13,82434
0,960984,80,0,67,13,82440
0,960962,80,0,67,13,82424
0,961303,80,0,67,13,82436
0,961303,137,0,120,17,82436
114,961015,70,0,53,17,82422
0,960862,70,0,53,17,82412
0,960862,70,0,53,17,82412
0,961325,70,0,53,17,82442
0,961194,70,0,53,17,82428
0,961090,70,0,53,17,82392
0,961090,70,0,53,17,82392
0,961149,70,0,53,17,82440
0,960896,70,0,53,17,82402
0,960896,70,0,53,17,82402
0,961118,70,0,53,17,82456
0,960908,70,0,53,17,82404
0,961415,70,0,53,17,82468
0,961415,139,0,122,17,82468
138,960979,83,0,69,14,82420
0,961120,83,0,69,14,82438
0,961120,83,0,69,14,82438
0,960983,83,0,69,14,82422
0,961125,83,0,69,14,82434
0,961142,83,0,69,14,82446
0,961142,83,0,69,14,82446
0,960948,83,0,69,14,82420
0,961117,83,0,69,14,82426
0,961254,83,0,69,14,82446
0,961254,83,0,69,14,82446
0,960974,83,0,69,14,82444
0,961053,87,0,72,15,82424
0,961053,100,0,84,16,82424
34,961085,31,0,15,16,82458
0,960983,31,0,15,16,82410
0,961114,31,0,15,16,82408
0,961114,31,0,15,16,82408
0,960947,31,0,15,16,82438
0,961103,31,0,15,16,82442
0,961103,31,0,15,16,82442
0,961136,31,0,15,16,82442
0,961041,31,0,15,16,82444
0,961251,31,0,15,16,82436
0,961251,31,0,15,16,82436
0,960981,31,0,15,16,82448
0,961117,39,0,23,16,82424
94,961078,72,0,56,16,82402
94,961078,62,0,47,15,82402
0,961295,62,0,47,15,82444
0,960889,62,0,47,15,82418
0,960889,62,0,47,15,82418
0,961032,62,0,47,15,82438
0,961203,62,0,47,15,82452
0,961203,62,0,47,15,82452
0,960991,62,0,47,15,82416
0,961059,62,0,47,15,82430
0,961002,62,0,47,15,82442
0,961002,62,0,47,15,82442
0,961190,62,0,47,15,82464
0,960987,70,0,55,15,82418
0,960987,93,0,78,15,82418
62,961065,38,0,31,7,82436
0,961196,38,0,31,7,82432
0,961067,38,0,31,7,82462
0,961067,38,0,31,7,82462
0,961041,38,0,31,7,82390
0,961097,38,0,31,7,82442
0,961097,38,0,31,7,82442
0,961162,38,0,31,7,82456
0,961039,38,0,31,7,82424
0,961090,38,0,31,7,82418
0,961049,38,0,31,7,82470
0,961152,101,0,94,7,82416
0,961071,69,0,63,6,82386
0,961260,69,0,63,6,82404
0,961139,69,0,63,6,82430
0,961049,69,0,63,6,82446
0,961063,69,0,63,6,82396
0,961063,69,0,63,6,82396
0,961003,69,0,63,6,82370
0,961029,69,0,63,6,82414
0,961100,123,0,109,14,82442
152,961228,78,0,66,12,82432
0,960919,78,0,66,12,82368
0,960919,78,0,66,12,82368
0,961077,78,0,66,12,82406
0,961148,78,0,66,12,82408
0,961158,78,0,66,12,82406
0,961158,78,0,66,12,82406
0,961007,78,0,66,12,82414
0,961110,78,0,66,12,82416
0,961110,78,0,66,12,82416
0,961148,78,0,66,12,82424
0,960931,78,0,66,12,82464
0,961200,87,0,75,12,82448
0,961200,124,0,112,12,82448
92,961188,58,0,46,12,82452
0,960901,58,0,46,12,82392
0,961141,58,0,46,12,82390
0,961141,58,0,46,12,82390
0,961146,58,0,46,12,82376
0,961056,58,0,46,12,82364
0,961056,58,0,46,12,82364
0,961149,58,0,46,12,82404
0,961080,58,0,46,12,82432
0,960967,58,0,46,12,82438
0,960967,58,0,46,12,82438
0,960851,58,0,46,12,82376
0,961451,91,0,78,13,82472
66,960965,56,0,45,11,82436
66,960965,43,0,32,11,82436
0,960902,43,0,32,11,82370
0,961119,43,0,32,11,82396
0,961120,43,0,32,11,82438
0,961120,43,0,32,11,82438
0,961134,43,0,32,11,82352
0,961099,43,0,32,11,82448
0,961099,43,0,32,11,82448
0,961173,43,0,32,11,82418
0,961132,43,0,32,11,82406
0,960866,43,0,32,11,82406
0,960866,43,0,32,11,82406
0,961163,91,0,79,12,82416
96,961075,59,0,47,12,82410
0,961162,59,0,47,12,82440
0,961162,59,0,47,12,82440
0,961024,59,0,47,12,82440
0,961152,59,0,47,12,82418
0,961054,59,0,47,12,82432
0,961054,59,0,47,12,82432
0,960948,59,0,47,12,82416
0,960895,59,0,47,12,82410
0,961082,59,0,47,12,82444
0,961082,59,0,47,12,82444
0,961370,95,0,83,12,82436
72,960902,48,0,36,12,82382
0,961199,48,0,36,12,82384
0,961199,48,0,36,12,82384
0,961242,48,0,36,12,82412
0,960886,48,0,36,12,82390
0,961174,48,0,36,12,82438
0,961174,48,0,36,12,82438
0,961094,48,0,36,12,82422
0,961274,48,0,36,12,82406
0,960749,48,0,36,12,82404
0,960749,48,0,36,12,82404
0,961215,48,0,36,12,82410
0,960864,104,0,91,13,82386
114,961218,94,0,81,13,82426
114,961218,69,0,56,13,82426
0,961133,69,0,56,13,82402
0,961228,69,0,56,13,82408
0,960946,69,0,56,13,82436
0,960946,69,0,56,13,82436
0,961268,69,0,56,13,82390
0,960851,69,0,56,13,82410
0,960851,69,0,56,13,82410
0,961194,69,0,56,13,82394
0,961109,69,0,56,13,82432
0,961121,69,0,56,13,82362
0,961121,69,0,56,13,82362
0,960959,176,0,158,18,82370
214,961248,110,0,102,8,82438
0,960861,110,0,102,8,82408
0,960861,110,0,102,8,82408
0,960983,110,0,102,8,82368
0,961313,110,0,102,8,82396
0,961203,110,0,102,8,82402
0,961203,110,0,102,8,82402
0,961125,110,0,102,8,82356
0,960972,110,0,102,8,82354
0,960972,110,0,102,8,82354
0,961098,110,0,102,8,82378
0,961117,110,0,102,8,82446
0,961319,110,0,102,8,82410
0,961319,187,0,176,11,82410
154,960859,85,0,74,11,82386
0,961000,85,0,74,11,82390
0,961058,85,0,74,11,82410
0,961058,85,0,74,11,82410
0,961137,85,0,74,11,82418
0,961033,85,0,74,11,82428
0,961159,85,0,74,11,82424
0,961159,85,0,74,11,82424
0,960968,85,0,74,11,82386
0,961084,85,0,74,11,82400
0,961298,85,0,74,11,82436
0,961298,85,0,74,11,82436
0,960841,117,0,106,11,82350
64,961251,69,0,59,10,82454
64,961251,42,0,32,10,82454
0,961179,42,0,32,10,82422
0,960942,42,0,32,10,82376
0,960964,42,0,32,10,82450
0,960964,42,0,32,10,82450
0,961443,42,0,32,10,82412
0,960826,42,0,32,10,82388
0,961082,42,0,32,10,82414
0,961082,42,0,32,10,82414
0,961208,42,0,32,10,82420
0,961145,42,0,32,10,82408
0,961145,42,0,32,10,82408
0,960874,84,0,74,10,82358
84,961361,51,0,42,9,82456
0,960888,51,0,42,9,82372
0,960888,51,0,42,9,82372
0,961227,51,0,42,9,82402
0,960839,51,0,42,9,82398
0,961147,51,0,42,9,82420
0,961147,51,0,42,9,82420
0,961145,51,0,42,9,82420
0,960918,51,0,42,9,82408
0,961114,51,0,42,9,82430
0,961114,51,0,42,9,82430
0,961204,51,0,42,9,82418
0,961176,99,0,90,9,82394
122,960983,96,0,87,9,82370
0,961125,70,0,61,9,82386
0,960939,70,0,61,9,82412
0,960939,70,0,61,9,82412
0,961172,70,0,61,9,82400
0,961108,70,0,61,9,82390
0,961035,70,0,61,9,82388
0,961035,70,0,61,9,82388
0,961006,70,0,61,9,82384
0,961213,70,0,61,9,82424
0,961252,70,0,61,9,82374
0,960840,118,0,108,10,82396
0,960931,56,0,47,9,82368
0,961311,56,0,47,9,82434
0,961311,56,0,47,9,82434
0,960934,56,0,47,9,82400
0,960916,56,0,47,9,82400
0,961306,56,0,47,9,82422
0,961200,56,0,47,9,82408
0,960887,56,0,47,9,82424
0,961277,56,0,47,9,82408
0,960866,88,0,78,10,82406
64,960986,36,0,31,5,82350
0,961054,36,0,31,5,82362
0,961335,36,0,31,5,82452
0,961041,36,0,31,5,82392
0,960838,36,0,31,5,82368
0,960838,36,0,31,5,82368
0,961321,36,0,31,5,82436
0,961140,36,0,31,5,82408
0,960995,36,0,31,5,82392
0,961216,36,0,31,5,82440
0,961216,36,0,31,5,82440
0,961015,86,0,74,12,82432
100,961212,52,0,43,9,82414
0,960827,52,0,43,9,82370
0,960827,52,0,43,9,82370
0,961247,52,0,43,9,82416
0,961224,52,0,43,9,82390
0,961069,52,0,43,9,82466
0,961069,52,0,43,9,82466
0,960987,52,0,43,9,82380
0,961001,52,0,43,9,82398
0,961001,52,0,43,9,82398
0,961171,52,0,43,9,82408
0,961050,52,0,43,9,82394
0,961050,52,0,43,9,82410
0,961050,103,0,94,9,82410
102,961213,60,0,51,9,82428
0,960865,60,0,51,9,82390
0,960865,60,0,51,9,82390
0,961231,60,0,51,9,82412
0,961024,60,0,51,9,82400
0,961210,60,0,51,9,82410
0,961210,60,0,51,9,82410
0,960939,60,0,51,9,82390
0,961241,60,0,51,9,82424
0,961241,60,0,51,9,82424
0,961068,60,0,51,9,82396
0,961022,60,0,51,9,82372
0,961137,60,0,51,9,82432
0,961137,134,0,125,9,82432
148,961170,83,0,74,9,82404
0,960927,83,0,74,9,82402
0,960927,83,0,74,9,82402
0,961176,83,0,74,9,82422
0,960920,83,0,74,9,82396
0,961233,83,0,74,9,82432
0,961233,83,0,74,9,82432
0,961158,83,0,74,9,82418
0,960866,83,0,74,9,82346
0,960866,83,0,74,9,82346
0,961191,83,0,74,9,82432
0,960903,83,0,74,9,82386
0,961288,83,0,74,9,82412
0,961288,104,0,95,9,82412
42,961052,30,0,21,9,82446
0,960948,30,0,21,9,82394
0,960948,30,0,21,9,82394
0,961249,30,0,21,9,82400
0,960945,30,0,21,9,82420
0,961043,30,0,21,9,82374
0,961043,30,0,21,9,82374
0,961391,30,0,21,9,82434
0,960697,30,0,21,9,82380
0,961480,30,0,21,9,82442
0,961480,30,0,21,9,82442
0,961151,30,0,21,9,82396
0,960715,46,0,37,9,82350
0,960715,108,0,93,15,82350
156,961348,86,0,72,14,82436
0,961124,86,0,72,14,82420
0,960963,86,0,72,14,82392
0,960963,86,0,72,14,82392
0,960947,86,0,72,14,82376
0,961274,86,0,72,14,82432
0,961274,86,0,72,14,82432
0,960992,86,0,72,14,82394
0,961282,86,0,72,14,82458
0,960879,86,0,72,14,82408
0,960879,86,0,72,14,82408
0,961136,86,0,72,14,82378
0,961115,86,0,72,14,82398
0,961115,170,0,156,14,82398
168,960987,97,0,84,13,82378
0,961312,97,0,84,13,82406
0,960837,97,0,84,13,82394
0,960837,97,0,84,13,82394
0,961096,97,0,84,13,82432
0,961059,97,0,84,13,82406
0,961059,97,0,84,13,82406
0,961148,97,0,84,13,82398
0,960922,97,0,84,13,82426
0,961030,97,0,84,13,82416
0,961030,97,0,84,13,82416
0,961403,97,0,84,13,82460
0,960988,97,0,84,13,82396
10,961134,74,0,62,12,82382
10,961134,11,0,5,6,82382
0,961004,11,0,5,6,82414
0,961090,11,0,5,6,82402
0,961090,11,0,5,6,82402
0,961083,11,0,5,6,82410
0,961245,11,0,5,6,82442
0,961026,11,0,5,6,82368
0,961026,11,0,5,6,82368
0,961152,11,0,5,6,82406
0,961033,11,0,5,6,82364
0,961018,11,0,5,6,82428
0,961018,11,0,5,6,82428
0,960932,85,0,78,7,82404
148,961268,80,0,73,7,82446
0,961002,80,0,73,7,82400
0,961002,80,0,73,7,82400
0,960860,80,0,73,7,82376
0,961508,80,0,73,7,82400
0,961508,80,0,73,7,82400
0,961148,80,0,73,7,82408
0,960801,80,0,73,7,82380
0,961297,80,0,73,7,82458
0,961297,80,0,73,7,82458
0,960895,80,0,73,7,82424
0,961242,80,0,73,7,82440
0,961069,80,0,73,7,82416
0,961069,138,0,129,9,82416
116,961223,65,0,56,9,82426
0,960909,65,0,56,9,82430
0,960909,65,0,56,9,82430
0,961087,65,0,56,9,82418
0,961125,65,0,56,9,82386
0,961033,65,0,56,9,82380
0,961033,65,0,56,9,82380
0,960920,65,0,56,9,82408
0,961311,65,0,56,9,82410
0,961311,65,0,56,9,82410
0,961049,65,0,56,9,82392
0,960861,65,0,56,9,82372
0,961055,65,0,56,9,82434
0,961055,153,0,141,12,82434
176,961302,97,0,85,12,82390
0,960950,97,0,85,12,82376
0,960950,97,0,85,12,82376
0,961070,97,0,85,12,82430
0,961098,97,0,85,12,82392
0,961293,97,0,85,12,82450
0,961293,97,0,85,12,82450
0,961163,97,0,85,12,82420
0,961116,97,0,85,12,82394
0,961116,97,0,85,12,82394
0,960743,97,0,85,12,82390
0,961154,97,0,85,12,82438
0,961098,97,0,85,12,82404
98,961149,55,0,48,7,82412
0,961241,55,0,48,7,82410
0,961241,55,0,48,7,82410
0,960863,55,0,48,7,82368
0,961113,55,0,48,7,82392
0,961145,55,0,48,7,82422
0,960802,55,0,48,7,82340
0,960802,55,0,48,7,82340
0,961343,55,0,48,7,82416
0,961121,55,0,48,7,82402
0,960974,55,0,48,7,82392
0,960974,124,0,114,10,82392
138,960938,76,0,66,10,82430
0,961089,76,0,66,10,82360
0,961081,76,0,66,10,82414
0,961081,76,0,66,10,82414
0,961164,76,0,66,10,82424
0,961282,76,0,66,10,82420
0,961282,76,0,66,10,82420
0,961042,76,0,66,10,82396
0,961102,76,0,66,10,82452
0,961168,76,0,66,10,82476
0,961168,76,0,66,10,82476
0,960807,76,0,66,10,82398
0,961309,94,0,83,11,82440
0,961309,168,0,156,12,82440
184,960969,102,0,90,12,82368
0,961168,102,0,90,12,82434
0,960768,102,0,90,12,82400
0,960768,102,0,90,12,82400
0,961332,102,0,90,12,82416
0,961183,102,0,90,12,82414
0,961183,102,0,90,12,82414
0,960812,102,0,90,12,82412
0,961141,102,0,90,12,82428
0,961061,102,0,90,12,82412
0,961061,102,0,90,12,82412
0,961269,102,0,90,12,82434
0,961069,102,0,90,12,82418
0,961069,195,0,182,13,82418
186,961042,104,0,92,12,82404
0,961088,104,0,92,12,82420
0,961216,104,0,92,12,82420
0,961216,104,0,92,12,82420
0,960789,104,0,92,12,82374
0,961241,104,0,92,12,82440
0,961241,104,0,92,12,82440
0,961292,104,0,92,12,82412
0,960914,104,0,92,12,82416
0,961093,104,0,92,12,82390
0,961093,104,0,92,12,82390
0,960872,104,0,92,12,82376
0,961194,104,0,92,12,82412
0,961194,156,0,143,13,82412
104,961074,62,0,51,11,82386
0,961186,62,0,51,11,82420
0,961074,62,0,51,11,82404
0,961074,62,0,51,11,82404
0,961179,62,0,51,11,82422
0,960958,62,0,51,11,82428
0,960958,62,0,51,11,82428
0,960979,62,0,51,11,82378
0,961306,62,0,51,11,82448
0,960998,62,0,51,11,82396
0,960998,62,0,51,11,82396
0,961339,62,0,51,11,82420
0,960688,62,0,51,11,82386
0,960688,112,0,101,11,82386
100,961294,58,0,50,8,82442
0,961062,58,0,50,8,82392
0,960920,58,0,50,8,82394
0,960920,58,0,50,8,82394
0,961118,58,0,50,8,82454
0,961100,58,0,50,8,82388
0,961100,58,0,50,8,82388
0,961243,58,0,50,8,82408
0,960744,58,0,50,8,82426
0,961446,58,0,50,8,82440
0,961446,58,0,50,8,82440
0,960856,58,0,50,8,82394
0,961211,118,0,109,9,82428
0,961211,122,0,113,9,82428
128,960841,71,0,63,8,82406
0,961218,71,0,63,8,82434
0,961017,71,0,63,8,82412
0,961017,71,0,63,8,82412
0,961421,71,0,63,8,82420
0,960914,71,0,63,8,82456
0,961103,71,0,63,8,82416
0,961103,71,0,63,8,82416
0,961023,71,0,63,8,82402
0,961184,71,0,63,8,82436
0,961184,71,0,63,8,82436
0,960877,71,0,63,8,82454
0,961024,141,0,131,10,82458
0,961024,162,0,152,10,82458
182,961200,96,0,89,7,82454
0,961153,96,0,89,7,82436
0,961096,96,0,89,7,82444
0,961096,96,0,89,7,82444
0,961066,96,0,89,7,82428
0,960924,96,0,89,7,82400
0,960924,96,0,89,7,82400
0,961179,96,0,89,7,82436
0,961024,96,0,89,7,82384
0,961064,96,0,89,7,82412
0,961064,96,0,89,7,82412
0,961226,96,0,89,7,82436
0,961012,132,0,125,7,82364
74,961049,133,0,126,6,82446
74,961049,42,0,37,5,82446
0,961049,42,0,37,5,82368
0,961203,42,0,37,5,82412
0,961203,42,0,37,5,82412
0,961090,42,0,37,5,82416
0,961181,42,0,37,5,82434
0,961181,42,0,37,5,82434
0,960970,42,0,37,5,82386
0,961025,42,0,37,5,82466
0,961193,42,0,37,5,82414
0,961193,42,0,37,5,82414
0,961086,42,0,37,5,82408
0,961089,57,0,52,5,82376
0,961089,94,0,88,6,82376
104,961065,56,0,51,5,82438
0,961140,56,0,51,5,82448
0,961090,56,0,51,5,82416
0,961090,56,0,51,5,82416
0,961149,56,0,51,5,82412
0,960962,56,0,51,5,82396
0,960962,56,0,51,5,82396
0,961113,56,0,51,5,82432
0,960913,56,0,51,5,82414
0,961269,56,0,51,5,82372
0,961269,56,0,51,5,82372
0,961067,56,0,51,5,82430
0,960826,96,0,90,6,82404
0,960826,125,0,119,6,82404
138,961394,73,0,68,5,82456
0,961166,73,0,68,5,82436
0,960973,73,0,68,5,82364
0,960973,73,0,68,5,82364
0,961199,73,0,68,5,82402
0,960709,73,0,68,5,82386
0,961110,73,0,68,5,82436
0,961110,73,0,68,5,82436
0,961125,73,0,68,5,82422
0,961176,73,0,68,5,82448
0,961176,73,0,68,5,82448
0,961227,73,0,68,5,82430
0,960838,131,0,126,5,82436
116,961195,81,0,76,5,82438
0,961100,63,0,58,5,82442
0,961040,63,0,58,5,82412
0,961040,63,0,58,5,82412
0,961137,63,0,58,5,82422
0,961018,63,0,58,5,82408
0,961155,63,0,58,5,82420
0,961155,63,0,58,5,82420
0,961092,63,0,58,5,82404
0,961133,63,0,58,5,82454
0,961133,63,0,58,5,82454
0,961152,114,0,109,5,82416
102,961284,55,0,51,4,82418
0,960816,55,0,51,4,82380
0,961071,55,0,51,4,82438
0,961268,55,0,51,4,82470
0,961072,55,0,51,4,82484
0,961059,55,0,51,4,82394
0,961289,55,0,51,4,82444
0,961289,55,0,51,4,82444
0,960880,55,0,51,4,82428
0,960989,55,0,51,4,82428
0,960989,55,0,51,4,82428
0,961266,103,0,98,5,82456
96,960939,50,0,47,3,82404
0,961108,50,0,47,3,82456
0,961108,50,0,47,3,82456
0,961219,50,0,47,3,82376
0,960928,50,0,47,3,82392
0,960928,50,0,47,3,82392
0,961088,50,0,47,3,82434
0,960997,50,0,47,3,82408
0,961183,50,0,47,3,82390
0,961183,50,0,47,3,82390
0,961154,50,0,47,3,82400
0,960918,50,0,47,3,82400
0,960918,50,0,47,3,82400
0,961156,111,0,108,3,82446
122,960861,81,0,78,3,82428
122,960861,64,0,61,3,82428
0,961168,64,0,61,3,82438
0,961316,64,0,61,3,82438
0,960883,64,0,61,3,82404
0,960883,64,0,61,3,82404
0,961297,64,0,61,3,82406
0,960881,64,0,61,3,82342
0,960881,64,0,61,3,82342
0,961028,64,0,61,3,82390
0,961349,64,0,61,3,82460
0,960872,64,0,61,3,82450
0,960872,64,0,61,3,82450
0,961249,156,0,153,3,82414
184,961213,117,0,114,3,82424
0,960601,94,0,92,2,82372
0,960601,94,0,92,2,82372
0,961504,94,0,92,2,82460
0,960933,94,0,92,2,82422
0,960933,94,0,92,2,82422
0,961103,94,0,92,2,82394
0,961089,94,0,92,2,82398
0,961089,94,0,92,2,82398
0,960972,94,0,92,2,82380
0,961137,94,0,92,2,82416
0,961276,94,0,92,2,82404
0,961276,94,0,92,2,82404
0,960813,168,0,166,2,82376
148,961219,75,0,74,1,82428
0,961113,75,0,74,1,82406
0,961113,75,0,74,1,82406
0,961039,75,0,74,1,82392
0,961193,75,0,74,1,82390
0,961157,75,0,74,1,82416
0,961157,75,0,74,1,82416
0,961041,75,0,74,1,82380
0,960950,75,0,74,1,82428
0,960950,75,0,74,1,82428
0,961131,75,0,74,1,82402
0,961183,75,0,74,1,82368
0,960987,105,0,103,2,82384
0,960987,179,0,176,3,82384
208,961131,105,0,102,3,82390
0,961076,105,0,102,3,82402
0,961135,105,0,102,3,82422
0,961135,105,0,102,3,82422
0,961070,105,0,102,3,82418
0,961038,105,0,102,3,82404
0,961061,105,0,102,3,82416
0,961061,105,0,102,3,82416
0,960806,105,0,102,3,82326
0,961398,105,0,102,3,82508
0,961398,105,0,102,3,82508
0,961069,105,0,102,3,82388
0,960969,220,0,213,7,82422
236,961073,184,0,176,8,82380
236,961073,121,0,113,8,82380
0,961490,121,0,113,8,82456
0,960836,121,0,113,8,82424
0,961003,121,0,113,8,82408
0,961003,121,0,113,8,82408
0,961181,121,0,113,8,82470
0,960893,121,0,113,8,82440
0,960893,121,0,113,8,82440
0,961259,121,0,113,8,82408
0,961120,121,0,113,8,82386
0,961006,121,0,113,8,82448
0,961006,121,0,113,8,82448
0,961257,194,0,184,10,82424
150,961160,119,0,110,9,82420
150,961160,82,0,73,9,82420
0,961011,82,0,73,9,82410
0,961102,82,0,73,9,82398
0,960855,82,0,73,9,82406
0,960855,82,0,73,9,82406
0,961078,82,0,73,9,82378
0,960989,82,0,73,9,82410
0,960989,82,0,73,9,82410
0,961209,82,0,73,9,82430
0,960988,82,0,73,9,82386
0,961150,82,0,73,9,82458
0,961150,82,0,73,9,82458
0,961109,152,0,140,12,82392
140,961008,106,0,94,12,82402
140,961008,79,0,67,12,82402
0,961194,79,0,67,12,82384
0,961047,79,0,67,12,82422
0,961228,79,0,67,12,82410
0,961228,79,0,67,12,82410
0,961069,79,0,67,12,82398
0,960946,79,0,67,12,82394
0,960946,79,0,67,12,82394
0,961021,79,0,67,12,82422
0,961315,79,0,67,12,82402
0,960869,79,0,67,12,82410
0,960869,79,0,67,12,82410
0,961384,132,0,120,12,82400
106,960819,65,0,53,12,82392
0,961189,65,0,53,12,82412
0,961189,65,0,53,12,82412
0,961094,65,0,53,12,82398
0,961271,65,0,53,12,82416
0,960893,65,0,53,12,82352
0,960893,65,0,53,12,82352
0,960883,65,0,53,12,82364
0,961321,65,0,53,12,82396
0,960981,65,0,53,12,82362
0,960981,65,0,53,12,82362
0,961082,65,0,53,12,82400
0,961264,82,0,69,13,82448
0,961264,132,0,119,13,82448
134,961060,79,0,66,13,82378
0,961024,79,0,66,13,82358
0,961125,79,0,66,13,82438
0,961125,79,0,66,13,82438
0,960934,79,0,66,13,82362
0,960995,79,0,66,13,82422
0,960995,79,0,66,13,82422
0,961424,79,0,66,13,82434
0,961023,79,0,66,13,82398
0,960877,79,0,66,13,82398
0,960877,79,0,66,13,82398
0,961077,79,0,66,13,82408
0,961276,90,0,77,13,82474
0,961276,121,0,105,16,82474
84,961177,53,0,39,14,82436
0,960835,53,0,39,14,82404
0,961190,53,0,39,14,82436
0,961190,53,0,39,14,82436
0,961117,53,0,39,14,82386
0,961267,53,0,39,14,82410
0,960963,53,0,39,14,82374
0,960963,53,0,39,14,82374
0,960972,53,0,39,14,82366
0,961058,53,0,39,14,82410
0,961058,53,0,39,14,82410
0,961097,53,0,39,14,82442
0,961303,101,0,86,15,82446
120,961026,69,0,59,10,82398
0,960941,69,0,59,10,82408
0,961055,69,0,59,10,82406
0,961081,69,0,59,10,82424
0,961081,69,0,59,10,82424
0,961228,69,0,59,10,82422
0,960908,69,0,59,10,82408
0,961056,69,0,59,10,82412
0,961262,69,0,59,10,82440
0,961069,69,0,59,10,82438
0,961069,192,0,175,17,82438
246,961249,131,0,116,15,82470
0,961086,131,0,116,15,82410
0,961086,131,0,116,15,82410
0,960742,131,0,116,15,82406
0,961202,131,0,116,15,82386
0,961125,131,0,116,15,82410
0,961125,131,0,116,15,82410
0,961330,131,0,116,15,82404
0,960961,131,0,116,15,82418
0,960961,131,0,116,15,82418
0,960967,131,0,116,15,82474
0,961056,131,0,116,15,82390
0,961178,131,0,116,15,82416
0,961178,239,0,220,19,82416
216,961234,120,0,104,16,82444
0,960889,120,0,104,16,82392
0,960889,120,0,104,16,82392
0,961164,120,0,104,16,82424
0,961072,120,0,104,16,82428
0,960956,120,0,104,16,82392
0,960956,120,0,104,16,82392
0,961201,120,0,104,16,82488
0,960944,120,0,104,16,82408
0,961307,120,0,104,16,82466
0,961307,120,0,104,16,82466
0,961222,120,0,104,16,82484
0,960791,120,0,104,16,82420
0,960791,189,0,167,22,82420
138,961335,85,0,63,22,82424
0,960943,85,0,63,22,82446
0,960996,85,0,63,22,82450
0,960996,85,0,63,22,82450
0,961010,85,0,63,22,82404
0,961294,85,0,63,22,82472
0,961294,85,0,63,22,82472
0,960885,85,0,63,22,82388
0,961348,85,0,63,22,82444
0,961005,85,0,63,22,82444
0,961005,85,0,63,22,82444
0,960797,85,0,63,22,82378
0,961306,89,0,67,22,82468
0,961306,131,0,108,23,82468
92,961286,67,0,45,22,82484
0,961031,67,0,45,22,82406
0,960797,67,0,45,22,82388
0,960797,67,0,45,22,82388
0,961362,67,0,45,22,82472
0,960746,67,0,45,22,82392
0,960746,67,0,45,22,82392
0,961381,67,0,45,22,82480
0,960759,67,0,45,22,82376
0,960759,67,0,45,22,82376
0,961178,67,0,45,22,82380
0,961180,67,0,45,22,82466
0,961173,67,0,45,22,82440
0,961173,145,0,114,31,82440
156,960921,97,0,69,28,82408
0,961093,97,0,69,28,82434
0,961181,97,0,69,28,82454
0,961181,97,0,69,28,82454
0,961248,97,0,69,28,82444
0,961043,97,0,69,28,82410
0,961043,97,0,69,28,82410
0,961002,97,0,69,28,82468
0,961036,97,0,69,28,82428
0,961111,97,0,69,28,82396
0,961111,97,0,69,28,82396
0,961210,97,0,69,28,82420
0,960773,97,0,69,28,82450
0,960773,157,0,129,28,82450
120,961080,87,0,60,27,82468
0,961315,87,0,60,27,82470
0,960877,87,0,60,27,82426
0,960877,87,0,60,27,82426
0,961199,87,0,60,27,82420
0,960967,87,0,60,27,82394
0,960967,87,0,60,27,82394
0,961058,87,0,60,27,82402
0,961167,87,0,60,27,82418
0,961167,87,0,60,27,82418
0,961206,87,0,60,27,82470
0,960793,87,0,60,27,82392
0,961133,87,0,60,27,82414
0,961133,156,0,129,27,82414
138,961239,89,0,69,20,82440
0,960962,89,0,69,20,82396
0,960962,89,0,69,20,82396
0,961166,89,0,69,20,82434
0,961124,89,0,69,20,82446
0,961201,89,0,69,20,82430
0,961201,89,0,69,20,82430
0,960722,89,0,69,20,82402
0,961475,89,0,69,20,82454
0,961475,89,0,69,20,82454
0,961039,89,0,69,20,82398
0,960795,89,0,69,20,82386
0,961073,89,0,69,20,82446
0,961073,139,0,118,21,82446
100,961181,66,0,49,17,82430
0,961185,66,0,49,17,82416
0,961249,66,0,49,17,82424
0,961249,66,0,49,17,82424
0,960924,66,0,49,17,82408
0,961116,66,0,49,17,82434
0,961116,66,0,49,17,82434
0,960902,66,0,49,17,82350
0,961232,66,0,49,17,82416
0,961232,66,0,49,17,82416
0,960991,66,0,49,17,82412
0,961106,66,0,49,17,82422
0,961179,66,0,49,17,82406
0,961179,147,0,130,17,82406
162,960899,92,0,81,11,82416
0,961149,92,0,81,11,82426
0,960983,92,0,81,11,82358
0,960983,92,0,81,11,82358
0,961175,92,0,81,11,82432
0,961211,92,0,81,11,82470
0,961211,92,0,81,11,82470
0,961230,92,0,81,11,82436
0,960944,92,0,81,11,82386
0,960944,92,0,81,11,82386
0,960801,92,0,81,11,82388
0,961466,92,0,81,11,82422
0,960863,92,0,81,11,82430
0,960863,124,0,113,11,82430
64,960917,42,0,32,10,82456
0,961263,42,0,32,10,82418
0,961263,42,0,32,10,82418
0,961001,42,0,32,10,82388
0,961283,42,0,32,10,82428
0,960928,42,0,32,10,82354
0,960928,42,0,32,10,82354
0,960950,42,0,32,10,82426
0,961404,42,0,32,10,82438
0,961404,42,0,32,10,82438
0,960993,42,0,32,10,82398
0,961243,42,0,32,10,82446
0,960954,42,0,32,10,82408
0,960954,118,0,104,14,82408
152,961297,77,0,72,5,82424
0,960811,77,0,72,5,82394
0,961004,77,0,72,5,82438
0,960999,77,0,72,5,82402
0,960999,77,0,72,5,82402
0,961299,77,0,72,5,82404
0,960991,77,0,72,5,82396
0,960991,77,0,72,5,82396
0,961093,77,0,72,5,82448
0,961105,77,0,72,5,82426
0,961324,77,0,72,5,82424
0,961324,77,0,72,5,82424
140,961199,125,0,119,6,82414
0,960979,75,0,69,6,82390
0,961207,75,0,69,6,82392
0,961009,75,0,69,6,82452
0,960848,75,0,69,6,82394
0,960848,75,0,69,6,82394
0,961230,75,0,69,6,82404
0,961144,75,0,69,6,82430
0,960880,75,0,69,6,82404
0,961437,75,0,69,6,82398
0,960990,75,0,69,6,82380
0,960990,127,0,121,6,82380
104,960965,58,0,52,6,82398
0,961211,58,0,52,6,82400
0,961211,58,0,52,6,82400
0,961094,58,0,52,6,82424
0,960940,58,0,52,6,82366
0,961251,58,0,52,6,82420
0,961251,58,0,52,6,82420
0,961030,58,0,52,6,82414
0,961298,58,0,52,6,82452
0,961298,58,0,52,6,82452
0,960828,58,0,52,6,82400
0,961163,58,0,52,6,82354
0,960878,58,0,52,6,82392
0,960878,128,0,117,11,82392
140,961189,75,0,65,10,82420
0,961093,75,0,65,10,82364
0,961093,75,0,65,10,82364
0,961223,75,0,65,10,82436
0,961123,75,0,65,10,82402
0,960834,75,0,65,10,82418
0,960834,75,0,65,10,82418
0,961150,75,0,65,10,82410
0,961015,75,0,65,10,82416
0,961015,75,0,65,10,82416
0,961358,75,0,65,10,82436
0,960754,75,0,65,10,82390
0,961303,92,0,82,10,82432
0,961303,173,0,162,11,82432
196,961097,108,0,97,11,82410
0,961010,108,0,97,11,82364
0,961170,108,0,97,11,82416
0,961170,108,0,97,11,82416
0,961047,108,0,97,11,82400
0,960972,108,0,97,11,82434
0,960972,108,0,97,11,82434
0,960938,108,0,97,11,82410
0,961396,108,0,97,11,82432
0,961396,108,0,97,11,82432
0,961221,108,0,97,11,82492
0,960794,108,0,97,11,82408
0,961267,108,0,97,11,82396
0,961267,181,0,169,12,82396
146,961020,84,0,72,12,82436
0,960784,84,0,72,12,82382
0,960784,84,0,72,12,82382
0,961321,84,0,72,12,82450
0,960990,84,0,72,12,82396
0,960990,84,0,72,12,82396
0,961113,84,0,72,12,82402
0,961014,84,0,72,12,82412
0,961359,84,0,72,12,82430
0,961359,84,0,72,12,82430
0,960998,84,0,72,12,82434
0,961008,84,0,72,12,82418
0,961236,84,0,72,12,82408
0,961236,124,0,111,13,82408
80,960865,48,0,39,9,82416
0,961153,48,0,39,9,82436
0,961153,48,0,39,9,82436
0,961166,48,0,39,9,82438
0,961023,48,0,39,9,82404
0,961023,48,0,39,9,82404
0,961146,48,0,39,9,82384
0,960922,48,0,39,9,82380
0,961266,48,0,39,9,82426
0,961266,48,0,39,9,82426
0,960970,48,0,39,9,82424
0,961231,48,0,39,9,82436
0,961231,48,0,39,9,82436
0,961051,116,0,102,14,82400
136,961148,76,0,63,13,82422
0,961073,76,0,63,13,82398
0,961073,76,0,63,13,82398
0,960892,76,0,63,13,82394
0,961179,76,0,63,13,82402
0,961179,76,0,63,13,82402
0,960971,76,0,63,13,82384
0,961213,76,0,63,13,82402
0,960957,76,0,63,13,82416
0,960957,76,0,63,13,82416
0,961166,76,0,63,13,82410
0,961167,76,0,63,13,82438
0,961171,76,0,63,13,82398
0,961171,196,0,179,17,82398
240,961102,133,0,116,17,82412
0,914931,133,0,116,17,78304
0,914931,133,0,116,17,78304
0,813522,133,0,116,17,69518
0,918436,133,0,116,17,78700
0,961178,133,0,116,17,82366
0,961178,133,0,116,17,82366
0,960977,133,0,116,17,82404
0,961295,133,0,116,17,82484
0,961295,133,0,116,17,82484
0,960940,133,0,116,17,82364
0,960952,133,0,116,17,82404
0,961150,133,0,116,17,82358
0,961150,180,0,163,17,82358
94,961081,59,0,47,12,82440
0,960902,59,0,47,12,82400
0,960902,59,0,47,12,82400
0,961307,59,0,47,12,82394
0,961009,59,0,47,12,82374
0,961194,59,0,47,12,82392
0,961194,59,0,47,12,82392
0,961077,59,0,47,12,82348
0,961069,59,0,47,12,82428
0,961069,59,0,47,12,82428
0,961165,59,0,47,12,82418
0,960980,59,0,47,12,82398
0,960910,116,0,102,14,82446
122,961367,102,0,88,14,82446
122,961367,72,0,59,13,82446
0,960778,72,0,59,13,82410
0,961331,72,0,59,13,82406
0,961331,72,0,59,13,82406
0,960956,72,0,59,13,82392
0,961056,72,0,59,13,82388
0,961225,72,0,59,13,82446
0,961225,72,0,59,13,82446
0,961175,72,0,59,13,82404
0,960883,72,0,59,13,82416
0,960883,72,0,59,13,82416
0,961256,72,0,59,13,82470
0,960964,119,0,106,13,82446
102,961023,102,0,90,12,82392
102,961023,63,0,51,12,82392
0,961338,63,0,51,12,82452
0,960998,63,0,51,12,82396
0,960998,63,0,51,12,82396
0,960957,63,0,51,12,82398
0,961138,63,0,51,12,82436
0,961048,63,0,51,12,82416
0,961048,63,0,51,12,82416
0,961040,63,0,51,12,82466
0,961226,63,0,51,12,82428
0,961226,63,0,51,12,82428
0,961064,63,0,51,12,82428
0,961050,116,0,99,17,82440
106,961209,96,0,80,16,82442
106,961209,64,0,48,16,82442
0,961033,64,0,48,16,82426
0,960980,64,0,48,16,82422
0,960980,64,0,48,16,82422
0,960979,64,0,48,16,82400
0,961321,64,0,48,16,82450
0,961113,64,0,48,16,82456
0,961113,64,0,48,16,82456
0,961012,64,0,48,16,82388
0,961032,64,0,48,16,82434
0,961032,64,0,48,16,82434
0,961058,64,0,48,16,82412
234,961106,144,0,127,17,82430
0,961038,128,0,112,16,82418
0,960991,128,0,112,16,82398
0,961269,128,0,112,16,82398
0,960937,128,0,112,16,82392
0,960937,128,0,112,16,82392
0,960948,128,0,112,16,82396
0,960948,128,0,112,16,82396
0,960889,128,0,112,16,82396
0,961282,128,0,112,16,82458
0,961249,128,0,112,16,82426
0,961249,162,0,146,16,82426
68,961151,46,0,34,12,82438
0,960555,46,0,34,12,82406
0,960555,46,0,34,12,82406
0,961103,46,0,34,12,82380
0,961437,46,0,34,12,82458
0,961043,46,0,34,12,82388
0,961043,46,0,34,12,82388
0,961061,46,0,34,12,82428
0,960953,46,0,34,12,82406
0,960953,46,0,34,12,82406
0,960985,46,0,34,12,82424
0,961353,46,0,34,12,82492
0,961003,46,0,34,12,82422
0,961003,85,0,72,13,82422
78,961091,51,0,38,13,82428
0,961169,51,0,38,13,82438
0,961169,51,0,38,13,82438
0,960793,51,0,38,13,82420
0,961196,51,0,38,13,82430
0,961325,51,0,38,13,82430
0,961325,51,0,38,13,82430
0,960988,51,0,38,13,82450
0,960913,51,0,38,13,82400
0,961014,51,0,38,13,82426
0,961014,51,0,38,13,82426
0,961389,51,0,38,13,82436
0,961127,58,0,45,13,82412
0,961127,79,0,64,15,82412
56,960796,39,0,26,13,82368
0,961288,39,0,26,13,82462
0,960966,39,0,26,13,82404
0,960966,39,0,26,13,82404
0,960972,39,0,26,13,82448
0,961269,39,0,26,13,82474
0,960859,39,0,26,13,82412
0,960859,39,0,26,13,82412
0,961099,39,0,26,13,82438
0,961149,39,0,26,13,82466
0,961149,39,0,26,13,82466
0,961132,39,0,26,13,82430
0,961076,56,0,43,13,82440
0,961076,115,0,98,17,82440
152,961091,89,0,72,17,82442
0,961028,89,0,72,17,82406
0,961162,89,0,72,17,82456
0,961162,89,0,72,17,82456
0,961217,89,0,72,17,82442
0,960844,89,0,72,17,82386
0,960844,89,0,72,17,82386
0,961194,89,0,72,17,82412
0,960970,89,0,72,17,82414
0,961378,89,0,72,17,82426
0,961378,89,0,72,17,82426
0,960881,89,0,72,17,82406
0,961111,134,0,115,19,82432
90,961080,108,0,92,16,82448
90,961080,57,0,43,14,82448
0,961020,57,0,43,14,82444
0,961018,57,0,43,14,82416
0,961318,57,0,43,14,82486
0,961318,57,0,43,14,82486
0,960882,57,0,43,14,82398
0,961112,57,0,43,14,82440
0,961112,57,0,43,14,82440
0,961173,57,0,43,14,82472
0,960857,57,0,43,14,82428
0,961257,57,0,43,14,82440
0,961257,57,0,43,14,82440
0,961116,146,0,130,16,82446
178,960957,111,0,100,11,82376
0,960882,98,0,87,11,82410
0,960882,98,0,87,11,82410
0,961261,98,0,87,11,82468
0,961361,98,0,87,11,82430
0,961361,98,0,87,11,82430
0,961124,98,0,87,11,82420
0,961023,98,0,87,11,82430
0,961075,98,0,87,11,82444
0,961075,98,0,87,11,82444
0,961028,98,0,87,11,82430
0,960964,98,0,87,11,82412
0,961210,98,0,87,11,82460
0,961210,187,0,175,12,82460
178,961042,100,0,88,12,82418
0,961245,100,0,88,12,82468
0,961245,100,0,88,12,82468
0,960896,100,0,88,12,82416
0,961059,100,0,88,12,82420
0,960842,100,0,88,12,82432
0,960842,100,0,88,12,82432
0,961118,100,0,88,12,82458
0,961261,100,0,88,12,82470
0,961261,100,0,88,12,82470
0,960948,100,0,88,12,82408
0,961353,100,0,88,12,82454
0,960864,100,0,88,12,82420
0,960864,147,0,133,14,82420
94,960925,58,0,45,13,82412
0,961366,58,0,45,13,82450
0,961366,58,0,45,13,82450
0,960955,58,0,45,13,82376
0,961257,58,0,45,13,82438
0,960993,58,0,45,13,82398
0,960993,58,0,45,13,82398
0,961033,58,0,45,13,82478
0,961223,58,0,45,13,82474
0,961223,58,0,45,13,82474
0,960907,58,0,45,13,82394
0,961046,58,0,45,13,82456
